timestamp,attacks
2025-08-27 04:02:25.546000+01:00,2
2025-08-27 04:02:25.547000+01:00,1
2025-08-27 04:02:25.570000+01:00,1
2025-08-27 04:02:25.571000+01:00,1
2025-08-27 04:02:25.572000+01:00,2
2025-08-27 04:02:25.579000+01:00,1
2025-08-27 04:02:25.580000+01:00,1
2025-08-27 04:02:25.581000+01:00,1
2025-08-27 04:02:25.607000+01:00,1
2025-08-27 04:02:25.608000+01:00,1
2025-08-27 04:02:25.624000+01:00,2
2025-08-27 04:02:25.625000+01:00,2
2025-08-27 04:02:25.634000+01:00,2
2025-08-27 04:02:25.635000+01:00,4
2025-08-27 04:02:25.637000+01:00,1
2025-08-27 04:02:25.638000+01:00,2
2025-08-27 04:02:25.641000+01:00,6
2025-08-27 04:02:25.642000+01:00,1
2025-08-27 04:02:25.651000+01:00,1
2025-08-27 04:02:25.652000+01:00,1
2025-08-27 04:02:25.653000+01:00,2
2025-08-27 04:02:25.654000+01:00,1
2025-08-27 04:02:25.681000+01:00,1
2025-08-27 04:02:25.682000+01:00,1
2025-08-27 04:02:25.683000+01:00,2
2025-08-27 04:02:25.813000+01:00,2
2025-08-27 04:02:25.814000+01:00,1
2025-08-27 04:02:25.815000+01:00,1
2025-08-27 04:02:25.816000+01:00,2
2025-08-27 04:02:25.817000+01:00,5
2025-08-27 04:02:25.818000+01:00,1
2025-08-27 04:02:25.830000+01:00,2
2025-08-27 04:02:25.831000+01:00,3
2025-08-27 04:02:25.832000+01:00,2
2025-08-27 04:02:25.833000+01:00,1
2025-08-27 04:02:28.524000+01:00,1
2025-08-27 04:02:28.525000+01:00,1
2025-08-27 04:02:28.544000+01:00,1
2025-08-27 04:02:28.549000+01:00,1
2025-08-27 04:02:28.562000+01:00,1
2025-08-27 04:02:28.568000+01:00,2
2025-08-27 04:02:28.569000+01:00,2
2025-08-27 04:02:28.707000+01:00,1
2025-08-27 04:02:28.708000+01:00,1
2025-08-27 04:02:29.726000+01:00,1
2025-08-27 04:02:29.731000+01:00,2
2025-08-27 04:02:29.766000+01:00,2
2025-08-27 04:02:30.030000+01:00,1
2025-08-27 04:02:30.043000+01:00,1
2025-08-27 04:02:30.083000+01:00,1
2025-08-27 04:02:34.367000+01:00,1
2025-08-27 04:02:34.409000+01:00,1
2025-08-27 04:02:38.858000+01:00,1
2025-08-27 04:02:39.121000+01:00,1
2025-08-27 04:02:40.094000+01:00,908
2025-08-27 04:02:40.095000+01:00,92
2025-08-27 04:02:40.096000+01:00,68
2025-08-27 04:02:40.097000+01:00,4
2025-08-27 04:02:40.113000+01:00,804
2025-08-27 04:02:40.114000+01:00,76
2025-08-27 04:02:40.115000+01:00,4
2025-08-27 04:02:40.116000+01:00,1
2025-08-27 04:02:40.121000+01:00,880
2025-08-27 04:02:40.122000+01:00,880
2025-08-27 04:02:40.123000+01:00,12
2025-08-27 04:02:40.135000+01:00,668
2025-08-27 04:02:40.136000+01:00,64
2025-08-27 04:02:40.137000+01:00,6
2025-08-27 04:02:40.155000+01:00,812
2025-08-27 04:02:40.156000+01:00,812
2025-08-27 04:02:40.157000+01:00,56
2025-08-27 04:02:40.163000+01:00,4
2025-08-27 04:02:40.164000+01:00,8
2025-08-27 04:02:40.165000+01:00,1
2025-08-27 04:02:40.182000+01:00,896
2025-08-27 04:02:40.183000+01:00,896
2025-08-27 04:02:40.184000+01:00,4
2025-08-27 04:02:40.217000+01:00,784
2025-08-27 04:02:40.218000+01:00,116
2025-08-27 04:02:40.219000+01:00,700
2025-08-27 04:02:40.220000+01:00,48
2025-08-27 04:02:40.221000+01:00,1
2025-08-27 04:02:40.261000+01:00,564
2025-08-27 04:02:40.262000+01:00,28
2025-08-27 04:02:40.263000+01:00,4
2025-08-27 04:02:40.291000+01:00,1488
2025-08-27 04:02:40.292000+01:00,160
2025-08-27 04:02:40.293000+01:00,1
2025-08-27 04:02:41.422000+01:00,1
2025-08-27 04:02:41.423000+01:00,1
2025-08-27 04:02:41.424000+01:00,1
2025-08-27 04:02:41.425000+01:00,4
2025-08-27 04:02:41.643000+01:00,1
2025-08-27 04:02:41.644000+01:00,1
2025-08-27 04:02:41.645000+01:00,1
2025-08-27 04:02:41.647000+01:00,2
2025-08-27 04:02:41.648000+01:00,1
2025-08-27 04:02:41.649000+01:00,1
2025-08-27 04:02:42.427000+01:00,1
2025-08-27 04:02:42.428000+01:00,4
2025-08-27 04:02:42.429000+01:00,4
2025-08-27 04:02:42.436000+01:00,1
2025-08-27 04:02:42.451000+01:00,4
2025-08-27 04:02:42.452000+01:00,4
2025-08-27 04:02:42.453000+01:00,4
2025-08-27 04:02:42.454000+01:00,4
2025-08-27 04:02:42.462000+01:00,1
2025-08-27 04:02:42.466000+01:00,4
2025-08-27 04:02:42.467000+01:00,1
2025-08-27 04:02:42.524000+01:00,1
2025-08-27 04:02:42.525000+01:00,2
2025-08-27 04:02:42.526000+01:00,4
2025-08-27 04:02:42.527000+01:00,4
2025-08-27 04:02:45.225000+01:00,1
2025-08-27 04:02:45.253000+01:00,1
2025-08-27 04:02:45.299000+01:00,2
2025-08-27 04:02:45.300000+01:00,1
2025-08-27 04:02:45.307000+01:00,1
2025-08-27 04:02:47.778000+01:00,1
2025-08-27 04:02:47.780000+01:00,2
2025-08-27 04:02:47.783000+01:00,2
2025-08-27 04:02:48.843000+01:00,1
2025-08-27 04:02:48.844000+01:00,1
2025-08-27 04:02:48.850000+01:00,1
2025-08-27 04:02:48.858000+01:00,2
2025-08-27 04:02:48.859000+01:00,2
2025-08-27 04:02:48.907000+01:00,4
2025-08-27 04:02:48.908000+01:00,4
2025-08-27 04:02:50.414000+01:00,4
2025-08-27 04:02:50.425000+01:00,4
2025-08-27 04:02:50.426000+01:00,4
2025-08-27 04:02:50.447000+01:00,4
2025-08-27 04:02:50.448000+01:00,4
2025-08-27 04:02:50.475000+01:00,1
2025-08-27 04:02:50.480000+01:00,1
2025-08-27 04:02:54.424000+01:00,4
2025-08-27 04:02:55.761000+01:00,4
2025-08-27 04:02:55.762000+01:00,4
2025-08-27 04:02:55.763000+01:00,8
2025-08-27 04:02:55.764000+01:00,1
2025-08-27 04:02:55.765000+01:00,2
2025-08-27 04:02:55.766000+01:00,1
2025-08-27 04:02:55.767000+01:00,12
2025-08-27 04:02:55.768000+01:00,24
2025-08-27 04:02:55.781000+01:00,10
2025-08-27 04:02:55.787000+01:00,1
2025-08-27 04:02:55.856000+01:00,8
2025-08-27 04:02:55.857000+01:00,10
2025-08-27 04:02:57.701000+01:00,4
2025-08-27 04:02:57.710000+01:00,4
2025-08-27 04:02:57.711000+01:00,4
2025-08-27 04:02:57.728000+01:00,2
2025-08-27 04:03:00.113000+01:00,1
2025-08-27 04:03:00.118000+01:00,1
2025-08-27 04:03:00.143000+01:00,1
2025-08-27 04:03:00.387000+01:00,1
2025-08-27 04:03:00.388000+01:00,1
2025-08-27 04:03:00.394000+01:00,1
2025-08-27 04:03:05.347000+01:00,1
2025-08-27 04:03:05.348000+01:00,1
2025-08-27 04:03:05.351000+01:00,1
2025-08-27 04:03:08.425000+01:00,1
2025-08-27 04:03:08.427000+01:00,1
2025-08-27 04:03:08.428000+01:00,1
2025-08-27 04:03:08.447000+01:00,1
2025-08-27 04:03:08.448000+01:00,1
2025-08-27 04:03:08.458000+01:00,1
2025-08-27 04:03:08.526000+01:00,1
2025-08-27 04:03:08.667000+01:00,1
2025-08-27 04:03:08.668000+01:00,2
2025-08-27 04:03:08.706000+01:00,1
2025-08-27 04:03:08.707000+01:00,1
2025-08-27 04:03:08.780000+01:00,1
2025-08-27 04:03:08.781000+01:00,2
2025-08-27 04:03:10.737000+01:00,1
2025-08-27 04:03:10.738000+01:00,1
2025-08-27 04:03:10.747000+01:00,1
2025-08-27 04:03:10.749000+01:00,1
2025-08-27 04:03:10.757000+01:00,1
2025-08-27 04:03:10.801000+01:00,2
2025-08-27 04:03:10.802000+01:00,1
2025-08-27 04:03:10.846000+01:00,1
2025-08-27 04:03:10.847000+01:00,1
2025-08-27 04:03:10.873000+01:00,1
2025-08-27 04:03:10.874000+01:00,1
2025-08-27 04:03:10.875000+01:00,1
2025-08-27 04:03:10.886000+01:00,1
2025-08-27 04:03:10.914000+01:00,4
2025-08-27 04:03:10.915000+01:00,1
2025-08-27 04:03:10.943000+01:00,1
2025-08-27 04:03:10.944000+01:00,1
2025-08-27 04:07:27.204000+01:00,1
2025-08-27 04:07:27.212000+01:00,1
2025-08-27 04:07:27.220000+01:00,1
2025-08-27 04:07:27.230000+01:00,1
2025-08-27 04:07:27.235000+01:00,1
2025-08-27 04:07:27.239000+01:00,1
2025-08-27 04:07:27.256000+01:00,1
2025-08-27 04:07:27.266000+01:00,1
2025-08-27 04:07:27.267000+01:00,1
2025-08-27 04:07:27.278000+01:00,1
2025-08-27 04:07:27.279000+01:00,1
2025-08-27 04:07:27.355000+01:00,1
2025-08-27 04:07:31.354000+01:00,1
2025-08-27 04:07:31.355000+01:00,1
2025-08-27 04:07:31.366000+01:00,2
2025-08-27 04:07:31.386000+01:00,1
2025-08-27 04:07:31.389000+01:00,2
2025-08-27 04:07:31.407000+01:00,1
2025-08-27 04:07:31.527000+01:00,1
2025-08-27 04:07:32.429000+01:00,1
2025-08-27 04:07:32.432000+01:00,1
2025-08-27 04:07:32.433000+01:00,1
2025-08-27 04:07:32.450000+01:00,1
2025-08-27 04:07:32.455000+01:00,1
2025-08-27 04:07:32.476000+01:00,1
2025-08-27 04:07:32.487000+01:00,1
2025-08-27 04:07:32.489000+01:00,1
2025-08-27 04:07:32.520000+01:00,1
2025-08-27 04:07:32.699000+01:00,1
2025-08-27 04:07:32.707000+01:00,1
2025-08-27 04:07:32.708000+01:00,1
2025-08-27 04:07:32.718000+01:00,1
2025-08-27 04:07:35.780000+01:00,1
2025-08-27 04:07:35.781000+01:00,1
2025-08-27 04:07:35.822000+01:00,1
2025-08-27 04:07:37.297000+01:00,1
2025-08-27 04:07:37.360000+01:00,1
2025-08-27 04:07:37.400000+01:00,1
2025-08-27 04:07:37.525000+01:00,1
2025-08-27 04:07:37.582000+01:00,1
2025-08-27 04:07:39.545000+01:00,2
2025-08-27 04:07:39.583000+01:00,2
2025-08-27 04:07:40.476000+01:00,2
2025-08-27 04:07:40.478000+01:00,1
2025-08-27 04:07:40.579000+01:00,2
2025-08-27 04:07:40.594000+01:00,2
2025-08-27 04:07:40.735000+01:00,4
2025-08-27 04:07:42.139000+01:00,1
2025-08-27 04:07:42.146000+01:00,3
2025-08-27 04:07:42.147000+01:00,1
2025-08-27 04:07:42.148000+01:00,1
2025-08-27 04:07:42.161000+01:00,1
2025-08-27 04:07:42.163000+01:00,2
2025-08-27 04:07:42.196000+01:00,1
2025-08-27 04:07:42.318000+01:00,2
2025-08-27 04:07:42.418000+01:00,5
2025-08-27 04:07:45.894000+01:00,1
2025-08-27 04:07:45.912000+01:00,1
2025-08-27 04:07:45.922000+01:00,1
2025-08-27 04:07:46.052000+01:00,1
2025-08-27 04:07:47.357000+01:00,1
2025-08-27 04:07:47.362000+01:00,1
2025-08-27 04:07:47.431000+01:00,1
2025-08-27 04:07:51.624000+01:00,1
2025-08-27 04:07:51.625000+01:00,1
2025-08-27 04:07:51.637000+01:00,1
2025-08-27 04:07:51.638000+01:00,1
2025-08-27 04:07:51.647000+01:00,1
2025-08-27 04:07:51.648000+01:00,1
2025-08-27 04:07:51.649000+01:00,1
2025-08-27 04:07:51.658000+01:00,1
2025-08-27 04:07:51.659000+01:00,1
2025-08-27 04:07:51.886000+01:00,1
2025-08-27 04:07:51.887000+01:00,1
2025-08-27 04:07:54.221000+01:00,1
2025-08-27 04:07:54.235000+01:00,2
2025-08-27 04:07:54.236000+01:00,1
2025-08-27 04:07:54.271000+01:00,1
2025-08-27 04:07:54.285000+01:00,1
2025-08-27 04:07:54.291000+01:00,2
2025-08-27 04:07:54.307000+01:00,1
2025-08-27 04:07:54.406000+01:00,1
2025-08-27 04:07:54.407000+01:00,1
2025-08-27 04:07:55.948000+01:00,1
2025-08-27 04:07:55.973000+01:00,1
2025-08-27 04:07:59.264000+01:00,1
2025-08-27 04:07:59.285000+01:00,1
2025-08-27 04:08:00.090000+01:00,12
2025-08-27 04:08:00.091000+01:00,4
2025-08-27 04:08:00.093000+01:00,2
2025-08-27 04:08:00.094000+01:00,4
2025-08-27 04:08:00.097000+01:00,4
2025-08-27 04:08:00.098000+01:00,1
2025-08-27 04:08:00.099000+01:00,1
2025-08-27 04:08:00.100000+01:00,1
2025-08-27 04:08:00.101000+01:00,2
2025-08-27 04:08:00.104000+01:00,12
2025-08-27 04:08:00.105000+01:00,1
2025-08-27 04:08:00.106000+01:00,48
2025-08-27 04:08:00.123000+01:00,1
2025-08-27 04:08:00.129000+01:00,1
2025-08-27 04:08:01.571000+01:00,1
2025-08-27 04:08:05.539000+01:00,1
2025-08-27 04:08:05.551000+01:00,4
2025-08-27 04:08:05.555000+01:00,1
2025-08-27 04:08:05.559000+01:00,1
2025-08-27 04:08:05.560000+01:00,2
2025-08-27 04:08:07.412000+01:00,1
2025-08-27 04:08:07.423000+01:00,1
2025-08-27 04:08:07.465000+01:00,1
2025-08-27 04:08:07.525000+01:00,5
2025-08-27 04:08:10.423000+01:00,4
2025-08-27 04:08:10.424000+01:00,4
2025-08-27 04:08:10.430000+01:00,2
2025-08-27 04:08:10.435000+01:00,4
2025-08-27 04:08:10.441000+01:00,2
2025-08-27 04:08:10.448000+01:00,6
2025-08-27 04:08:10.449000+01:00,4
2025-08-27 04:08:10.450000+01:00,4
2025-08-27 04:08:10.466000+01:00,4
2025-08-27 04:08:10.467000+01:00,4
2025-08-27 04:08:10.468000+01:00,8
2025-08-27 04:08:10.482000+01:00,4
2025-08-27 04:08:12.879000+01:00,2
2025-08-27 04:08:12.880000+01:00,1
2025-08-27 04:08:12.883000+01:00,1
2025-08-27 04:08:12.899000+01:00,2
2025-08-27 04:08:12.901000+01:00,1
2025-08-27 04:08:12.903000+01:00,1
2025-08-27 04:08:13.021000+01:00,1
2025-08-27 04:08:13.031000+01:00,3
2025-08-27 04:08:13.184000+01:00,1
2025-08-27 04:08:13.185000+01:00,1
2025-08-27 04:08:13.187000+01:00,1
2025-08-27 04:08:13.188000+01:00,1
2025-08-27 04:08:15.785000+01:00,1
2025-08-27 04:08:15.798000+01:00,1
2025-08-27 04:08:17.155000+01:00,1
2025-08-27 04:08:17.173000+01:00,1
2025-08-27 04:08:17.193000+01:00,1
2025-08-27 04:08:17.223000+01:00,1
2025-08-27 04:08:18.919000+01:00,1
2025-08-27 04:08:18.927000+01:00,2
2025-08-27 04:08:18.944000+01:00,1
2025-08-27 04:08:20.900000+01:00,2
2025-08-27 04:08:20.918000+01:00,2
2025-08-27 04:08:20.920000+01:00,1
2025-08-27 04:08:20.921000+01:00,1
2025-08-27 04:08:20.944000+01:00,1
2025-08-27 04:08:20.945000+01:00,2
2025-08-27 04:08:20.952000+01:00,2
2025-08-27 04:08:20.977000+01:00,2
2025-08-27 04:08:20.978000+01:00,2
2025-08-27 04:08:21.041000+01:00,1
2025-08-27 04:08:23.786000+01:00,1
2025-08-27 04:08:23.792000+01:00,1
2025-08-27 04:08:23.819000+01:00,1
2025-08-27 04:08:23.831000+01:00,2
2025-08-27 04:08:23.832000+01:00,1
2025-08-27 04:08:23.891000+01:00,4
2025-08-27 04:08:23.935000+01:00,2
2025-08-27 04:08:23.936000+01:00,3
2025-08-27 04:08:25.756000+01:00,1
2025-08-27 04:08:25.757000+01:00,4
2025-08-27 04:08:25.763000+01:00,1
2025-08-27 04:08:25.794000+01:00,1
2025-08-27 04:08:25.810000+01:00,1
2025-08-27 04:08:25.832000+01:00,1
2025-08-27 04:08:26.105000+01:00,1
2025-08-27 04:08:26.106000+01:00,1
2025-08-27 04:08:27.037000+01:00,1
2025-08-27 04:08:27.038000+01:00,1
2025-08-27 04:08:30.315000+01:00,1
2025-08-27 04:08:30.316000+01:00,1
2025-08-27 04:08:30.340000+01:00,1
2025-08-27 04:08:30.341000+01:00,2
2025-08-27 04:08:30.342000+01:00,1
2025-08-27 04:08:30.358000+01:00,1
2025-08-27 04:08:30.359000+01:00,3
2025-08-27 04:08:32.357000+01:00,1
2025-08-27 04:08:32.367000+01:00,3
2025-08-27 04:08:32.368000+01:00,1
2025-08-27 04:08:32.371000+01:00,1
2025-08-27 04:08:32.375000+01:00,3
2025-08-27 04:08:32.380000+01:00,1
2025-08-27 04:08:32.381000+01:00,2
2025-08-27 04:08:32.382000+01:00,3
2025-08-27 04:08:32.400000+01:00,5
2025-08-27 04:08:32.422000+01:00,2
2025-08-27 04:08:32.424000+01:00,4
2025-08-27 04:08:32.425000+01:00,5
2025-08-27 04:08:32.509000+01:00,11
2025-08-27 04:08:32.917000+01:00,6
2025-08-27 04:08:35.935000+01:00,1
2025-08-27 04:08:35.936000+01:00,1
2025-08-27 04:08:35.947000+01:00,1
2025-08-27 04:08:35.955000+01:00,1
2025-08-27 04:08:35.985000+01:00,1
2025-08-27 04:08:35.995000+01:00,1
2025-08-27 04:08:36.013000+01:00,2
2025-08-27 04:08:36.033000+01:00,2
2025-08-27 04:08:38.234000+01:00,1
2025-08-27 04:08:38.260000+01:00,2
2025-08-27 04:08:38.277000+01:00,1
2025-08-27 04:08:38.295000+01:00,1
2025-08-27 04:08:38.332000+01:00,1
2025-08-27 04:08:38.365000+01:00,1
2025-08-27 04:08:38.446000+01:00,4
2025-08-27 04:08:40.808000+01:00,1
2025-08-27 04:08:40.809000+01:00,1
2025-08-27 04:08:40.811000+01:00,1
2025-08-27 04:08:40.816000+01:00,2
2025-08-27 04:08:40.953000+01:00,1
2025-08-27 04:08:40.969000+01:00,2
2025-08-27 04:08:40.970000+01:00,1
2025-08-27 04:08:42.599000+01:00,1
2025-08-27 04:08:42.600000+01:00,1
2025-08-27 04:08:42.604000+01:00,1
2025-08-27 04:08:42.606000+01:00,2
2025-08-27 04:08:42.607000+01:00,1
2025-08-27 04:08:42.608000+01:00,1
2025-08-27 04:08:45.248000+01:00,1
2025-08-27 04:08:45.259000+01:00,1
2025-08-27 04:08:45.260000+01:00,1
2025-08-27 04:08:45.275000+01:00,2
2025-08-27 04:08:45.286000+01:00,1
2025-08-27 04:08:48.296000+01:00,1
2025-08-27 04:08:48.308000+01:00,2
2025-08-27 04:08:48.316000+01:00,1
2025-08-27 04:08:48.317000+01:00,1
2025-08-27 04:08:51.270000+01:00,1
2025-08-27 04:08:52.578000+01:00,1
2025-08-27 04:08:52.579000+01:00,1
2025-08-27 04:08:52.584000+01:00,1
2025-08-27 04:08:52.596000+01:00,1
2025-08-27 04:08:52.597000+01:00,1
2025-08-27 04:08:53.996000+01:00,1
2025-08-27 04:08:56.690000+01:00,4
2025-08-27 04:08:58.423000+01:00,1
2025-08-27 04:08:58.431000+01:00,1
2025-08-27 04:08:58.449000+01:00,1
2025-08-27 04:08:58.510000+01:00,3
2025-08-27 04:08:58.511000+01:00,1
2025-08-27 04:08:58.520000+01:00,3
2025-08-27 04:08:58.594000+01:00,1
2025-08-27 04:08:58.600000+01:00,1
2025-08-27 04:08:58.601000+01:00,1
2025-08-27 04:08:59.970000+01:00,4
2025-08-27 04:08:59.971000+01:00,4
2025-08-27 04:08:59.983000+01:00,1
2025-08-27 04:09:00.325000+01:00,1
2025-08-27 04:09:00.329000+01:00,1
2025-08-27 04:09:03.372000+01:00,1
2025-08-27 04:09:03.395000+01:00,1
2025-08-27 04:09:03.400000+01:00,1
2025-08-27 04:09:03.461000+01:00,1
2025-08-27 04:09:03.462000+01:00,1
2025-08-27 04:09:03.478000+01:00,2
2025-08-27 04:09:04.461000+01:00,40
2025-08-27 04:09:04.462000+01:00,40
2025-08-27 04:09:04.483000+01:00,12
2025-08-27 04:09:04.484000+01:00,32
2025-08-27 04:09:04.486000+01:00,4
2025-08-27 04:09:04.487000+01:00,1
2025-08-27 04:09:04.488000+01:00,16
2025-08-27 04:09:04.490000+01:00,1
2025-08-27 04:09:04.491000+01:00,1
2025-08-27 04:09:04.492000+01:00,76
2025-08-27 04:12:25.640000+01:00,1
2025-08-27 04:12:25.642000+01:00,2
2025-08-27 04:12:25.726000+01:00,4
2025-08-27 04:12:25.727000+01:00,4
2025-08-27 04:12:25.849000+01:00,4
2025-08-27 04:12:27.627000+01:00,1
2025-08-27 04:12:27.647000+01:00,1
2025-08-27 04:12:27.665000+01:00,2
2025-08-27 04:12:27.700000+01:00,2
2025-08-27 04:12:29.533000+01:00,1
2025-08-27 04:12:29.534000+01:00,1
2025-08-27 04:12:29.546000+01:00,1
2025-08-27 04:12:29.564000+01:00,1
2025-08-27 04:12:29.696000+01:00,1
2025-08-27 04:12:30.639000+01:00,1
2025-08-27 04:12:30.671000+01:00,1
2025-08-27 04:12:30.675000+01:00,1
2025-08-27 04:12:30.720000+01:00,1
2025-08-27 04:12:30.723000+01:00,1
2025-08-27 04:12:30.739000+01:00,2
2025-08-27 04:12:30.775000+01:00,1
2025-08-27 04:12:32.649000+01:00,2
2025-08-27 04:12:35.114000+01:00,1
2025-08-27 04:12:35.118000+01:00,1
2025-08-27 04:12:35.133000+01:00,3
2025-08-27 04:12:35.196000+01:00,1
2025-08-27 04:12:35.306000+01:00,1
2025-08-27 04:12:35.325000+01:00,1
2025-08-27 04:12:36.137000+01:00,8
2025-08-27 04:12:36.138000+01:00,8
2025-08-27 04:12:36.152000+01:00,12
2025-08-27 04:12:36.166000+01:00,40
2025-08-27 04:12:36.171000+01:00,16
2025-08-27 04:12:36.172000+01:00,12
2025-08-27 04:12:36.173000+01:00,36
2025-08-27 04:12:36.174000+01:00,36
2025-08-27 04:12:36.189000+01:00,16
2025-08-27 04:12:36.190000+01:00,16
2025-08-27 04:12:36.204000+01:00,24
2025-08-27 04:12:36.205000+01:00,60
2025-08-27 04:12:36.210000+01:00,4
2025-08-27 04:12:36.211000+01:00,12
2025-08-27 04:12:36.240000+01:00,64
2025-08-27 04:12:36.241000+01:00,56
2025-08-27 04:12:36.248000+01:00,36
2025-08-27 04:12:38.828000+01:00,1
2025-08-27 04:12:38.829000+01:00,1
2025-08-27 04:12:38.830000+01:00,1
2025-08-27 04:12:38.831000+01:00,4
2025-08-27 04:12:38.853000+01:00,1
2025-08-27 04:12:38.877000+01:00,1
2025-08-27 04:12:38.889000+01:00,1
2025-08-27 04:12:38.890000+01:00,1
2025-08-27 04:12:38.897000+01:00,1
2025-08-27 04:12:38.905000+01:00,1
2025-08-27 04:12:38.913000+01:00,1
2025-08-27 04:12:38.914000+01:00,1
2025-08-27 04:12:38.949000+01:00,1
2025-08-27 04:12:38.950000+01:00,1
2025-08-27 04:12:38.966000+01:00,1
2025-08-27 04:12:39.068000+01:00,1
2025-08-27 04:12:39.069000+01:00,6
2025-08-27 04:12:39.106000+01:00,2
2025-08-27 04:12:42.479000+01:00,1
2025-08-27 04:12:42.480000+01:00,1
2025-08-27 04:12:42.486000+01:00,1
2025-08-27 04:12:43.660000+01:00,4
2025-08-27 04:12:43.661000+01:00,4
2025-08-27 04:12:43.662000+01:00,4
2025-08-27 04:12:43.663000+01:00,4
2025-08-27 04:12:43.664000+01:00,4
2025-08-27 04:12:43.665000+01:00,4
2025-08-27 04:12:43.666000+01:00,4
2025-08-27 04:12:43.667000+01:00,4
2025-08-27 04:12:43.668000+01:00,4
2025-08-27 04:12:43.669000+01:00,4
2025-08-27 04:12:43.670000+01:00,8
2025-08-27 04:12:43.671000+01:00,4
2025-08-27 04:12:43.672000+01:00,4
2025-08-27 04:12:43.673000+01:00,1
2025-08-27 04:12:43.674000+01:00,4
2025-08-27 04:12:43.675000+01:00,4
2025-08-27 04:12:43.676000+01:00,4
2025-08-27 04:12:43.677000+01:00,4
2025-08-27 04:12:43.678000+01:00,4
2025-08-27 04:12:43.679000+01:00,4
2025-08-27 04:12:43.680000+01:00,4
2025-08-27 04:12:43.681000+01:00,4
2025-08-27 04:12:43.682000+01:00,4
2025-08-27 04:12:43.772000+01:00,4
2025-08-27 04:12:43.773000+01:00,4
2025-08-27 04:12:43.774000+01:00,4
2025-08-27 04:12:43.775000+01:00,4
2025-08-27 04:12:43.776000+01:00,4
2025-08-27 04:12:43.777000+01:00,4
2025-08-27 04:12:43.778000+01:00,4
2025-08-27 04:12:43.779000+01:00,4
2025-08-27 04:12:43.780000+01:00,4
2025-08-27 04:12:43.781000+01:00,4
2025-08-27 04:12:43.782000+01:00,1
2025-08-27 04:12:44.031000+01:00,4
2025-08-27 04:12:44.032000+01:00,4
2025-08-27 04:12:44.033000+01:00,4
2025-08-27 04:12:44.034000+01:00,4
2025-08-27 04:12:44.035000+01:00,4
2025-08-27 04:12:44.036000+01:00,4
2025-08-27 04:12:44.037000+01:00,4
2025-08-27 04:12:44.038000+01:00,4
2025-08-27 04:12:44.039000+01:00,4
2025-08-27 04:12:44.040000+01:00,4
2025-08-27 04:12:44.041000+01:00,4
2025-08-27 04:12:44.042000+01:00,4
2025-08-27 04:12:44.043000+01:00,4
2025-08-27 04:12:44.044000+01:00,4
2025-08-27 04:12:44.045000+01:00,4
2025-08-27 04:12:44.046000+01:00,4
2025-08-27 04:12:44.047000+01:00,4
2025-08-27 04:12:44.048000+01:00,4
2025-08-27 04:12:44.049000+01:00,12
2025-08-27 04:12:44.050000+01:00,4
2025-08-27 04:12:44.051000+01:00,4
2025-08-27 04:12:44.052000+01:00,4
2025-08-27 04:12:44.053000+01:00,4
2025-08-27 04:12:44.054000+01:00,4
2025-08-27 04:12:44.055000+01:00,4
2025-08-27 04:12:44.056000+01:00,4
2025-08-27 04:12:44.057000+01:00,4
2025-08-27 04:12:44.058000+01:00,4
2025-08-27 04:12:44.059000+01:00,4
2025-08-27 04:12:44.060000+01:00,4
2025-08-27 04:12:44.061000+01:00,4
2025-08-27 04:12:44.062000+01:00,4
2025-08-27 04:17:26.060000+01:00,1
2025-08-27 04:17:26.116000+01:00,1
2025-08-27 04:17:26.144000+01:00,1
2025-08-27 04:17:30.116000+01:00,8
2025-08-27 04:17:30.177000+01:00,1
2025-08-27 04:17:30.250000+01:00,1
2025-08-27 04:17:31.238000+01:00,1
2025-08-27 04:17:31.241000+01:00,1
2025-08-27 04:17:31.248000+01:00,1
2025-08-27 04:17:31.323000+01:00,1
2025-08-27 04:17:31.357000+01:00,1
2025-08-27 04:17:31.410000+01:00,1
2025-08-27 04:17:31.542000+01:00,1
2025-08-27 04:17:31.612000+01:00,1
2025-08-27 04:17:32.429000+01:00,1
2025-08-27 04:17:32.430000+01:00,2
2025-08-27 04:17:32.441000+01:00,1
2025-08-27 04:17:32.442000+01:00,1
2025-08-27 04:17:32.443000+01:00,1
2025-08-27 04:17:32.455000+01:00,1
2025-08-27 04:17:32.456000+01:00,1
2025-08-27 04:17:32.457000+01:00,1
2025-08-27 04:17:32.458000+01:00,1
2025-08-27 04:17:32.474000+01:00,1
2025-08-27 04:17:32.475000+01:00,1
2025-08-27 04:17:32.497000+01:00,1
2025-08-27 04:17:32.518000+01:00,2
2025-08-27 04:17:32.519000+01:00,1
2025-08-27 04:17:32.540000+01:00,1
2025-08-27 04:17:32.541000+01:00,1
2025-08-27 04:17:32.547000+01:00,1
2025-08-27 04:17:32.548000+01:00,1
2025-08-27 04:17:32.549000+01:00,1
2025-08-27 04:17:34.503000+01:00,2
2025-08-27 04:17:35.431000+01:00,1
2025-08-27 04:17:35.454000+01:00,2
2025-08-27 04:17:35.455000+01:00,1
2025-08-27 04:17:37.707000+01:00,1
2025-08-27 04:17:37.708000+01:00,1
2025-08-27 04:17:37.718000+01:00,1
2025-08-27 04:17:37.740000+01:00,1
2025-08-27 04:17:37.741000+01:00,1
2025-08-27 04:17:37.742000+01:00,1
2025-08-27 04:17:37.743000+01:00,1
2025-08-27 04:17:37.787000+01:00,1
2025-08-27 04:17:37.788000+01:00,1
2025-08-27 04:17:37.809000+01:00,1
2025-08-27 04:17:37.836000+01:00,1
2025-08-27 04:17:37.837000+01:00,1
2025-08-27 04:17:37.839000+01:00,1
2025-08-27 04:17:39.649000+01:00,1
2025-08-27 04:17:39.710000+01:00,1
2025-08-27 04:17:39.766000+01:00,1
2025-08-27 04:17:41.699000+01:00,1
2025-08-27 04:17:41.709000+01:00,1
2025-08-27 04:17:41.735000+01:00,1
2025-08-27 04:17:41.745000+01:00,1
2025-08-27 04:17:44.863000+01:00,2
2025-08-27 04:17:44.889000+01:00,1
2025-08-27 04:17:45.025000+01:00,1
2025-08-27 04:17:46.260000+01:00,1
2025-08-27 04:17:46.285000+01:00,1
2025-08-27 04:17:46.319000+01:00,2
2025-08-27 04:17:46.352000+01:00,1
2025-08-27 04:17:46.353000+01:00,1
2025-08-27 04:17:46.357000+01:00,1
2025-08-27 04:17:50.132000+01:00,1
2025-08-27 04:17:50.147000+01:00,1
2025-08-27 04:17:50.161000+01:00,1
2025-08-27 04:17:50.214000+01:00,1
2025-08-27 04:17:51.527000+01:00,1
2025-08-27 04:17:51.528000+01:00,1
2025-08-27 04:17:51.536000+01:00,1
2025-08-27 04:17:51.547000+01:00,1
2025-08-27 04:17:51.548000+01:00,1
2025-08-27 04:17:53.613000+01:00,4
2025-08-27 04:17:53.614000+01:00,4
2025-08-27 04:17:53.617000+01:00,1
2025-08-27 04:17:53.638000+01:00,8
2025-08-27 04:17:53.650000+01:00,8
2025-08-27 04:17:53.651000+01:00,8
2025-08-27 04:17:54.063000+01:00,1
2025-08-27 04:17:54.153000+01:00,4
2025-08-27 04:17:56.136000+01:00,1
2025-08-27 04:17:56.137000+01:00,1
2025-08-27 04:17:56.158000+01:00,1
2025-08-27 04:17:56.159000+01:00,1
2025-08-27 04:17:56.177000+01:00,4
2025-08-27 04:17:56.178000+01:00,4
2025-08-27 04:17:56.179000+01:00,4
2025-08-27 04:17:56.181000+01:00,1
2025-08-27 04:17:56.182000+01:00,1
2025-08-27 04:17:56.183000+01:00,1
2025-08-27 04:17:56.184000+01:00,2
2025-08-27 04:17:56.185000+01:00,1
2025-08-27 04:17:56.188000+01:00,1
2025-08-27 04:17:56.189000+01:00,8
2025-08-27 04:17:56.197000+01:00,1
2025-08-27 04:17:56.198000+01:00,4
2025-08-27 04:17:56.199000+01:00,1
2025-08-27 04:17:56.200000+01:00,1
2025-08-27 04:17:56.201000+01:00,1
2025-08-27 04:17:56.236000+01:00,2
2025-08-27 04:17:56.237000+01:00,2
2025-08-27 04:17:56.250000+01:00,4
2025-08-27 04:17:56.251000+01:00,4
2025-08-27 04:17:56.252000+01:00,1
2025-08-27 04:17:57.821000+01:00,1
2025-08-27 04:17:59.696000+01:00,2
2025-08-27 04:17:59.700000+01:00,1
2025-08-27 04:17:59.802000+01:00,1
2025-08-27 04:18:01.521000+01:00,2
2025-08-27 04:18:01.536000+01:00,1
2025-08-27 04:18:01.537000+01:00,1
2025-08-27 04:18:01.555000+01:00,1
2025-08-27 04:18:01.583000+01:00,2
2025-08-27 04:18:01.586000+01:00,1
2025-08-27 04:18:01.588000+01:00,1
2025-08-27 04:18:01.598000+01:00,1
2025-08-27 04:18:01.599000+01:00,1
2025-08-27 04:18:01.646000+01:00,2
2025-08-27 04:18:04.825000+01:00,9
2025-08-27 04:18:04.826000+01:00,1
2025-08-27 04:18:04.867000+01:00,9
2025-08-27 04:18:04.875000+01:00,11
2025-08-27 04:18:04.880000+01:00,2
2025-08-27 04:18:04.883000+01:00,3
2025-08-27 04:18:04.909000+01:00,1
2025-08-27 04:18:04.939000+01:00,3
2025-08-27 04:18:04.962000+01:00,4
2025-08-27 04:18:07.500000+01:00,1
2025-08-27 04:18:07.514000+01:00,1
2025-08-27 04:18:07.518000+01:00,1
2025-08-27 04:18:09.037000+01:00,1
2025-08-27 04:18:09.072000+01:00,1
2025-08-27 04:18:09.077000+01:00,1
2025-08-27 04:18:09.127000+01:00,1
2025-08-27 04:18:09.184000+01:00,1
2025-08-27 04:18:09.185000+01:00,1
2025-08-27 04:18:09.525000+01:00,1
2025-08-27 04:18:09.526000+01:00,1
2025-08-27 04:18:09.540000+01:00,1
2025-08-27 04:18:09.541000+01:00,1
2025-08-27 04:18:09.638000+01:00,1
2025-08-27 04:18:11.416000+01:00,1
2025-08-27 04:18:11.417000+01:00,1
2025-08-27 04:18:11.455000+01:00,1
2025-08-27 04:18:11.477000+01:00,1
2025-08-27 04:18:11.479000+01:00,1
2025-08-27 04:18:13.628000+01:00,1
2025-08-27 04:18:15.860000+01:00,1
2025-08-27 04:18:15.877000+01:00,3
2025-08-27 04:18:15.897000+01:00,1
2025-08-27 04:18:18.051000+01:00,1
2025-08-27 04:18:18.093000+01:00,1
2025-08-27 04:18:18.126000+01:00,1
2025-08-27 04:18:19.383000+01:00,4
2025-08-27 04:18:19.384000+01:00,4
2025-08-27 04:18:19.452000+01:00,4
2025-08-27 04:18:19.453000+01:00,4
2025-08-27 04:18:19.473000+01:00,4
2025-08-27 04:18:19.474000+01:00,4
2025-08-27 04:18:19.475000+01:00,1
2025-08-27 04:18:19.478000+01:00,1
2025-08-27 04:18:19.479000+01:00,1
2025-08-27 04:18:19.480000+01:00,1
2025-08-27 04:18:19.504000+01:00,2
2025-08-27 04:18:19.505000+01:00,1
2025-08-27 04:18:19.547000+01:00,2
2025-08-27 04:18:19.548000+01:00,1
2025-08-27 04:18:19.549000+01:00,1
2025-08-27 04:18:19.575000+01:00,1
2025-08-27 04:18:19.649000+01:00,4
2025-08-27 04:18:19.650000+01:00,4
2025-08-27 04:18:22.167000+01:00,4
2025-08-27 04:18:22.192000+01:00,4
2025-08-27 04:18:22.255000+01:00,4
2025-08-27 04:18:22.256000+01:00,4
2025-08-27 04:18:22.258000+01:00,1
2025-08-27 04:18:22.348000+01:00,1
2025-08-27 04:18:23.606000+01:00,52
2025-08-27 04:18:23.607000+01:00,52
2025-08-27 04:18:23.899000+01:00,68
2025-08-27 04:18:23.901000+01:00,148
2025-08-27 04:18:23.902000+01:00,148
2025-08-27 04:18:23.932000+01:00,120
2025-08-27 04:18:23.933000+01:00,4
2025-08-27 04:18:23.944000+01:00,60
2025-08-27 04:18:23.956000+01:00,28
2025-08-27 04:18:23.988000+01:00,104
2025-08-27 04:18:23.989000+01:00,1
2025-08-27 04:18:24.028000+01:00,68
2025-08-27 04:18:24.048000+01:00,108
2025-08-27 04:18:24.172000+01:00,2
2025-08-27 04:18:24.173000+01:00,144
2025-08-27 04:18:24.178000+01:00,100
2025-08-27 04:18:27.920000+01:00,1
2025-08-27 04:18:27.921000+01:00,1
2025-08-27 04:18:27.935000+01:00,1
2025-08-27 04:18:29.635000+01:00,1
2025-08-27 04:18:29.636000+01:00,1
2025-08-27 04:18:29.648000+01:00,1
2025-08-27 04:18:29.652000+01:00,1
2025-08-27 04:18:29.653000+01:00,1
2025-08-27 04:18:29.677000+01:00,1
2025-08-27 04:18:29.708000+01:00,1
2025-08-27 04:18:29.709000+01:00,1
2025-08-27 04:18:29.721000+01:00,1
2025-08-27 04:18:29.722000+01:00,1
2025-08-27 04:18:29.799000+01:00,1
2025-08-27 04:18:29.800000+01:00,1
2025-08-27 04:18:29.805000+01:00,4
2025-08-27 04:18:29.806000+01:00,1
2025-08-27 04:18:29.807000+01:00,1
2025-08-27 04:18:29.808000+01:00,1
2025-08-27 04:18:29.816000+01:00,4
2025-08-27 04:18:29.861000+01:00,1
2025-08-27 04:18:29.862000+01:00,1
2025-08-27 04:18:29.863000+01:00,1
2025-08-27 04:18:30.780000+01:00,1
2025-08-27 04:18:30.781000+01:00,1
2025-08-27 04:18:30.783000+01:00,1
2025-08-27 04:18:30.784000+01:00,1
2025-08-27 04:18:30.788000+01:00,1
2025-08-27 04:18:30.789000+01:00,1
2025-08-27 04:18:30.790000+01:00,2
2025-08-27 04:22:25.208000+01:00,1
2025-08-27 04:22:26.444000+01:00,1
2025-08-27 04:22:26.455000+01:00,1
2025-08-27 04:22:26.479000+01:00,1
2025-08-27 04:22:26.480000+01:00,1
2025-08-27 04:22:26.492000+01:00,1
2025-08-27 04:22:26.504000+01:00,1
2025-08-27 04:22:26.594000+01:00,1
2025-08-27 04:22:26.595000+01:00,1
2025-08-27 04:22:26.597000+01:00,4
2025-08-27 04:22:26.598000+01:00,2
2025-08-27 04:22:26.662000+01:00,1
2025-08-27 04:22:28.788000+01:00,1
2025-08-27 04:22:29.839000+01:00,1
2025-08-27 04:22:29.845000+01:00,1
2025-08-27 04:22:29.855000+01:00,1
2025-08-27 04:22:29.856000+01:00,4
2025-08-27 04:22:29.877000+01:00,4
2025-08-27 04:22:29.878000+01:00,4
2025-08-27 04:22:29.879000+01:00,1
2025-08-27 04:22:29.885000+01:00,1
2025-08-27 04:22:29.911000+01:00,1
2025-08-27 04:22:29.912000+01:00,1
2025-08-27 04:22:29.955000+01:00,3
2025-08-27 04:22:29.956000+01:00,1
2025-08-27 04:22:29.970000+01:00,2
2025-08-27 04:22:30.016000+01:00,3
2025-08-27 04:22:30.017000+01:00,20
2025-08-27 04:22:30.018000+01:00,8
2025-08-27 04:22:30.038000+01:00,12
2025-08-27 04:22:30.039000+01:00,12
2025-08-27 04:22:30.040000+01:00,1
2025-08-27 04:22:30.121000+01:00,1
2025-08-27 04:22:30.122000+01:00,3
2025-08-27 04:22:33.314000+01:00,1
2025-08-27 04:22:33.352000+01:00,2
2025-08-27 04:22:35.713000+01:00,1
2025-08-27 04:22:35.797000+01:00,1
2025-08-27 04:22:35.809000+01:00,2
2025-08-27 04:22:35.830000+01:00,1
2025-08-27 04:22:35.831000+01:00,1
2025-08-27 04:22:35.889000+01:00,1
2025-08-27 04:22:37.742000+01:00,4
2025-08-27 04:22:37.743000+01:00,4
2025-08-27 04:22:37.744000+01:00,4
2025-08-27 04:22:37.766000+01:00,4
2025-08-27 04:22:37.767000+01:00,4
2025-08-27 04:22:37.768000+01:00,4
2025-08-27 04:22:37.769000+01:00,4
2025-08-27 04:22:37.777000+01:00,1
2025-08-27 04:22:37.871000+01:00,4
2025-08-27 04:22:37.872000+01:00,4
2025-08-27 04:22:37.873000+01:00,4
2025-08-27 04:22:39.445000+01:00,1
2025-08-27 04:22:39.455000+01:00,1
2025-08-27 04:22:39.539000+01:00,2
2025-08-27 04:22:41.047000+01:00,1
2025-08-27 04:22:41.054000+01:00,1
2025-08-27 04:22:41.173000+01:00,1
2025-08-27 04:22:41.197000+01:00,2
2025-08-27 04:22:41.198000+01:00,1
2025-08-27 04:22:41.359000+01:00,1
2025-08-27 04:22:41.403000+01:00,1
2025-08-27 04:22:42.898000+01:00,1
2025-08-27 04:22:42.908000+01:00,4
2025-08-27 04:22:42.912000+01:00,4
2025-08-27 04:22:42.920000+01:00,1
2025-08-27 04:22:42.921000+01:00,1
2025-08-27 04:22:42.927000+01:00,3
2025-08-27 04:22:42.930000+01:00,3
2025-08-27 04:22:42.940000+01:00,8
2025-08-27 04:22:42.985000+01:00,5
2025-08-27 04:22:44.656000+01:00,8
2025-08-27 04:22:44.673000+01:00,1
2025-08-27 04:22:44.701000+01:00,1
2025-08-27 04:22:44.709000+01:00,1
2025-08-27 04:22:47.803000+01:00,1
2025-08-27 04:22:47.827000+01:00,1
2025-08-27 04:22:47.877000+01:00,1
2025-08-27 04:22:47.948000+01:00,1
2025-08-27 04:22:49.280000+01:00,1
2025-08-27 04:22:49.349000+01:00,1
2025-08-27 04:22:54.002000+01:00,1
2025-08-27 04:22:54.019000+01:00,1
2025-08-27 04:22:54.020000+01:00,1
2025-08-27 04:22:54.049000+01:00,1
2025-08-27 04:22:54.050000+01:00,1
2025-08-27 04:22:54.063000+01:00,1
2025-08-27 04:22:54.064000+01:00,1
2025-08-27 04:22:54.069000+01:00,4
2025-08-27 04:22:54.070000+01:00,4
2025-08-27 04:22:54.164000+01:00,1
2025-08-27 04:22:55.540000+01:00,2
2025-08-27 04:22:55.541000+01:00,1
2025-08-27 04:22:55.547000+01:00,1
2025-08-27 04:22:55.555000+01:00,1
2025-08-27 04:22:55.556000+01:00,1
2025-08-27 04:22:55.557000+01:00,1
2025-08-27 04:22:55.563000+01:00,1
2025-08-27 04:22:55.593000+01:00,1
2025-08-27 04:22:55.604000+01:00,1
2025-08-27 04:22:55.615000+01:00,1
2025-08-27 04:22:57.996000+01:00,1
2025-08-27 04:22:58.022000+01:00,1
2025-08-27 04:22:58.027000+01:00,1
2025-08-27 04:22:58.028000+01:00,4
2025-08-27 04:22:58.029000+01:00,4
2025-08-27 04:22:58.030000+01:00,12
2025-08-27 04:22:58.031000+01:00,4
2025-08-27 04:22:58.032000+01:00,4
2025-08-27 04:22:58.033000+01:00,4
2025-08-27 04:22:58.034000+01:00,4
2025-08-27 04:22:58.035000+01:00,4
2025-08-27 04:22:59.297000+01:00,1
2025-08-27 04:22:59.298000+01:00,1
2025-08-27 04:23:01.537000+01:00,1
2025-08-27 04:23:01.538000+01:00,1
2025-08-27 04:23:01.615000+01:00,1
2025-08-27 04:23:01.653000+01:00,1
2025-08-27 04:23:04.733000+01:00,1
2025-08-27 04:23:04.740000+01:00,1
2025-08-27 04:23:04.759000+01:00,1
2025-08-27 04:23:04.774000+01:00,1
2025-08-27 04:23:04.799000+01:00,1
2025-08-27 04:23:04.814000+01:00,1
2025-08-27 04:23:08.803000+01:00,1
2025-08-27 04:23:08.808000+01:00,4
2025-08-27 04:23:09.789000+01:00,1
2025-08-27 04:23:09.790000+01:00,4
2025-08-27 04:23:09.802000+01:00,1
2025-08-27 04:23:09.819000+01:00,1
2025-08-27 04:23:09.820000+01:00,1
2025-08-27 04:23:09.823000+01:00,16
2025-08-27 04:23:09.824000+01:00,1
2025-08-27 04:23:09.837000+01:00,8
2025-08-27 04:23:09.864000+01:00,1
2025-08-27 04:23:09.910000+01:00,4
2025-08-27 04:23:09.911000+01:00,1
2025-08-27 04:23:09.928000+01:00,24
2025-08-27 04:23:10.062000+01:00,1
2025-08-27 04:23:10.063000+01:00,8
2025-08-27 04:23:12.388000+01:00,1
2025-08-27 04:23:12.426000+01:00,1
2025-08-27 04:23:12.434000+01:00,1
2025-08-27 04:23:12.443000+01:00,1
2025-08-27 04:23:12.501000+01:00,1
2025-08-27 04:23:12.512000+01:00,1
2025-08-27 04:23:14.529000+01:00,1
2025-08-27 04:23:14.547000+01:00,2
2025-08-27 04:23:14.555000+01:00,1
2025-08-27 04:23:14.579000+01:00,1
2025-08-27 04:23:14.581000+01:00,1
2025-08-27 04:23:14.585000+01:00,1
2025-08-27 04:23:14.586000+01:00,2
2025-08-27 04:23:14.595000+01:00,1
2025-08-27 04:23:14.596000+01:00,1
2025-08-27 04:23:14.601000+01:00,1
2025-08-27 04:23:14.602000+01:00,4
2025-08-27 04:23:14.611000+01:00,1
2025-08-27 04:23:14.647000+01:00,4
2025-08-27 04:23:14.648000+01:00,4
2025-08-27 04:23:14.650000+01:00,4
2025-08-27 04:23:14.651000+01:00,4
2025-08-27 04:23:14.749000+01:00,1
2025-08-27 04:23:14.750000+01:00,1
2025-08-27 04:23:14.751000+01:00,1
2025-08-27 04:23:17.231000+01:00,1
2025-08-27 04:23:17.243000+01:00,1
2025-08-27 04:23:17.251000+01:00,1
2025-08-27 04:23:17.259000+01:00,1
2025-08-27 04:23:18.441000+01:00,1
2025-08-27 04:23:18.459000+01:00,1
2025-08-27 04:23:18.468000+01:00,2
2025-08-27 04:23:18.469000+01:00,1
2025-08-27 04:23:18.529000+01:00,1
2025-08-27 04:23:18.531000+01:00,1
2025-08-27 04:23:18.620000+01:00,1
2025-08-27 04:23:19.790000+01:00,1
2025-08-27 04:23:19.791000+01:00,1
2025-08-27 04:23:20.028000+01:00,1
2025-08-27 04:23:20.029000+01:00,1
2025-08-27 04:23:20.037000+01:00,1
2025-08-27 04:23:21.372000+01:00,1
2025-08-27 04:23:21.380000+01:00,4
2025-08-27 04:23:23.089000+01:00,1
2025-08-27 04:23:23.130000+01:00,4
2025-08-27 04:23:23.131000+01:00,4
2025-08-27 04:23:24.768000+01:00,1
2025-08-27 04:23:24.994000+01:00,1
2025-08-27 04:23:25.027000+01:00,1
2025-08-27 04:23:25.196000+01:00,1
2025-08-27 04:23:30.310000+01:00,1
2025-08-27 04:23:30.350000+01:00,4
2025-08-27 04:23:30.351000+01:00,4
2025-08-27 04:23:30.359000+01:00,1
2025-08-27 04:23:30.392000+01:00,1
2025-08-27 04:23:30.393000+01:00,1
2025-08-27 04:23:30.403000+01:00,1
2025-08-27 04:23:30.418000+01:00,1
2025-08-27 04:23:30.425000+01:00,1
2025-08-27 04:23:32.584000+01:00,4
2025-08-27 04:23:32.594000+01:00,1
2025-08-27 04:23:32.600000+01:00,1
2025-08-27 04:23:32.604000+01:00,1
2025-08-27 04:23:32.610000+01:00,2
2025-08-27 04:23:32.651000+01:00,4
2025-08-27 04:23:32.652000+01:00,4
2025-08-27 04:23:32.658000+01:00,1
2025-08-27 04:23:32.664000+01:00,2
2025-08-27 04:23:32.677000+01:00,1
2025-08-27 04:23:32.711000+01:00,2
2025-08-27 04:23:34.290000+01:00,1
2025-08-27 04:23:34.323000+01:00,1
2025-08-27 04:23:34.344000+01:00,2
2025-08-27 04:23:34.345000+01:00,1
2025-08-27 04:23:34.346000+01:00,1
2025-08-27 04:23:34.347000+01:00,1
2025-08-27 04:23:34.359000+01:00,1
2025-08-27 04:23:34.360000+01:00,1
2025-08-27 04:23:34.410000+01:00,1
2025-08-27 04:23:34.609000+01:00,1
2025-08-27 04:23:34.610000+01:00,2
2025-08-27 04:23:34.611000+01:00,1
2025-08-27 04:23:34.612000+01:00,1
2025-08-27 04:23:34.613000+01:00,4
2025-08-27 04:23:39.639000+01:00,1
2025-08-27 04:23:39.640000+01:00,1
2025-08-27 04:23:39.641000+01:00,1
2025-08-27 04:23:39.642000+01:00,1
2025-08-27 04:23:39.643000+01:00,1
2025-08-27 04:23:39.644000+01:00,1
2025-08-27 04:23:39.645000+01:00,1
2025-08-27 04:23:39.646000+01:00,1
2025-08-27 04:23:39.647000+01:00,1
2025-08-27 04:23:39.648000+01:00,1
2025-08-27 04:23:39.649000+01:00,1
2025-08-27 04:27:25.672000+01:00,1
2025-08-27 04:27:25.673000+01:00,1
2025-08-27 04:27:25.731000+01:00,1
2025-08-27 04:27:25.785000+01:00,1
2025-08-27 04:27:25.846000+01:00,2
2025-08-27 04:27:26.013000+01:00,1
2025-08-27 04:27:26.014000+01:00,1
2025-08-27 04:27:27.310000+01:00,1
2025-08-27 04:27:27.378000+01:00,1
2025-08-27 04:27:29.733000+01:00,4
2025-08-27 04:27:29.734000+01:00,4
2025-08-27 04:27:29.736000+01:00,1
2025-08-27 04:27:31.836000+01:00,1
2025-08-27 04:27:31.876000+01:00,1
2025-08-27 04:27:31.919000+01:00,1
2025-08-27 04:27:31.920000+01:00,1
2025-08-27 04:27:32.029000+01:00,1
2025-08-27 04:27:32.030000+01:00,2
2025-08-27 04:27:32.035000+01:00,1
2025-08-27 04:27:32.126000+01:00,1
2025-08-27 04:27:33.137000+01:00,2
2025-08-27 04:27:33.150000+01:00,2
2025-08-27 04:27:33.159000+01:00,1
2025-08-27 04:27:33.160000+01:00,1
2025-08-27 04:27:33.179000+01:00,1
2025-08-27 04:27:33.199000+01:00,1
2025-08-27 04:27:33.233000+01:00,1
2025-08-27 04:27:33.244000+01:00,1
2025-08-27 04:27:33.245000+01:00,1
2025-08-27 04:27:33.267000+01:00,1
2025-08-27 04:27:33.312000+01:00,1
2025-08-27 04:27:34.837000+01:00,4
2025-08-27 04:27:34.861000+01:00,8
2025-08-27 04:27:34.862000+01:00,4
2025-08-27 04:27:34.863000+01:00,4
2025-08-27 04:27:34.942000+01:00,4
2025-08-27 04:27:34.943000+01:00,4
2025-08-27 04:27:34.948000+01:00,1
2025-08-27 04:27:35.840000+01:00,1
2025-08-27 04:27:35.869000+01:00,1
2025-08-27 04:27:35.922000+01:00,1
2025-08-27 04:27:38.298000+01:00,1
2025-08-27 04:27:38.299000+01:00,2
2025-08-27 04:27:38.310000+01:00,1
2025-08-27 04:27:38.314000+01:00,4
2025-08-27 04:27:38.315000+01:00,4
2025-08-27 04:27:38.349000+01:00,3
2025-08-27 04:27:38.351000+01:00,1
2025-08-27 04:27:38.385000+01:00,4
2025-08-27 04:27:38.386000+01:00,4
2025-08-27 04:27:38.387000+01:00,4
2025-08-27 04:27:38.388000+01:00,4
2025-08-27 04:27:38.389000+01:00,4
2025-08-27 04:27:38.430000+01:00,3
2025-08-27 04:27:38.437000+01:00,8
2025-08-27 04:27:38.438000+01:00,8
2025-08-27 04:27:38.439000+01:00,4
2025-08-27 04:27:38.440000+01:00,4
2025-08-27 04:27:38.529000+01:00,1
2025-08-27 04:27:38.530000+01:00,1
2025-08-27 04:27:40.682000+01:00,1
2025-08-27 04:27:40.690000+01:00,1
2025-08-27 04:27:40.698000+01:00,1
2025-08-27 04:27:40.704000+01:00,2
2025-08-27 04:27:40.714000+01:00,1
2025-08-27 04:27:40.778000+01:00,1
2025-08-27 04:27:41.630000+01:00,1
2025-08-27 04:27:41.631000+01:00,1
2025-08-27 04:27:41.655000+01:00,1
2025-08-27 04:27:41.656000+01:00,1
2025-08-27 04:27:41.664000+01:00,2
2025-08-27 04:27:41.665000+01:00,1
2025-08-27 04:27:41.666000+01:00,1
2025-08-27 04:27:41.667000+01:00,1
2025-08-27 04:27:41.683000+01:00,1
2025-08-27 04:27:41.688000+01:00,1
2025-08-27 04:27:41.691000+01:00,1
2025-08-27 04:27:41.692000+01:00,1
2025-08-27 04:27:41.891000+01:00,2
2025-08-27 04:27:41.892000+01:00,1
2025-08-27 04:27:41.946000+01:00,2
2025-08-27 04:27:41.947000+01:00,1
2025-08-27 04:27:41.949000+01:00,2
2025-08-27 04:27:41.950000+01:00,2
2025-08-27 04:27:42.926000+01:00,2
2025-08-27 04:27:42.927000+01:00,14
2025-08-27 04:27:42.928000+01:00,1
2025-08-27 04:27:42.938000+01:00,1
2025-08-27 04:27:42.939000+01:00,1
2025-08-27 04:27:42.942000+01:00,9
2025-08-27 04:27:42.943000+01:00,16
2025-08-27 04:27:42.944000+01:00,5
2025-08-27 04:27:42.945000+01:00,1
2025-08-27 04:27:42.946000+01:00,1
2025-08-27 04:27:42.947000+01:00,1
2025-08-27 04:27:42.957000+01:00,3
2025-08-27 04:27:42.958000+01:00,1
2025-08-27 04:27:42.959000+01:00,1
2025-08-27 04:27:42.961000+01:00,1
2025-08-27 04:27:42.962000+01:00,1
2025-08-27 04:27:42.963000+01:00,4
2025-08-27 04:27:42.964000+01:00,4
2025-08-27 04:27:42.965000+01:00,4
2025-08-27 04:27:42.966000+01:00,8
2025-08-27 04:27:42.967000+01:00,1
2025-08-27 04:27:42.968000+01:00,4
2025-08-27 04:27:42.969000+01:00,1
2025-08-27 04:27:42.970000+01:00,1
2025-08-27 04:27:42.971000+01:00,4
2025-08-27 04:27:42.972000+01:00,2
2025-08-27 04:27:42.973000+01:00,2
2025-08-27 04:27:43.051000+01:00,4
2025-08-27 04:27:43.052000+01:00,1
2025-08-27 04:27:43.053000+01:00,1
2025-08-27 04:27:43.054000+01:00,10
2025-08-27 04:27:43.055000+01:00,4
2025-08-27 04:27:43.056000+01:00,1
2025-08-27 04:27:47.215000+01:00,1
2025-08-27 04:27:47.216000+01:00,4
2025-08-27 04:27:47.217000+01:00,4
2025-08-27 04:27:47.324000+01:00,1
2025-08-27 04:27:47.427000+01:00,4
2025-08-27 04:27:47.428000+01:00,4
2025-08-27 04:27:49.932000+01:00,1
2025-08-27 04:27:49.933000+01:00,1
2025-08-27 04:27:50.906000+01:00,1
2025-08-27 04:27:50.937000+01:00,1
2025-08-27 04:27:50.939000+01:00,1
2025-08-27 04:27:50.942000+01:00,1
2025-08-27 04:27:50.943000+01:00,1
2025-08-27 04:27:50.947000+01:00,3
2025-08-27 04:27:50.956000+01:00,1
2025-08-27 04:27:50.990000+01:00,1
2025-08-27 04:27:51.044000+01:00,1
2025-08-27 04:27:53.591000+01:00,1
2025-08-27 04:27:54.565000+01:00,1
2025-08-27 04:27:54.566000+01:00,1
2025-08-27 04:27:54.567000+01:00,2
2025-08-27 04:27:54.568000+01:00,1
2025-08-27 04:27:54.569000+01:00,1
2025-08-27 04:27:54.583000+01:00,1
2025-08-27 04:27:54.584000+01:00,2
2025-08-27 04:27:54.585000+01:00,2
2025-08-27 04:27:54.586000+01:00,1
2025-08-27 04:27:54.587000+01:00,1
2025-08-27 04:27:54.588000+01:00,1
2025-08-27 04:27:54.589000+01:00,1
2025-08-27 04:27:55.008000+01:00,1
2025-08-27 04:27:55.009000+01:00,1
2025-08-27 04:27:55.016000+01:00,2
2025-08-27 04:27:55.017000+01:00,1
2025-08-27 04:27:55.018000+01:00,1
2025-08-27 04:27:55.027000+01:00,1
2025-08-27 04:27:55.028000+01:00,2
2025-08-27 04:27:55.029000+01:00,1
2025-08-27 04:27:55.030000+01:00,2
2025-08-27 04:27:55.035000+01:00,1
2025-08-27 04:27:55.036000+01:00,1
2025-08-27 04:27:55.037000+01:00,1
2025-08-27 04:27:55.038000+01:00,3
2025-08-27 04:27:55.044000+01:00,1
2025-08-27 04:27:55.045000+01:00,2
2025-08-27 04:27:55.046000+01:00,1
2025-08-27 04:27:55.047000+01:00,1
2025-08-27 04:27:55.048000+01:00,1
2025-08-27 04:27:55.225000+01:00,2
2025-08-27 04:27:55.226000+01:00,2
2025-08-27 04:27:55.227000+01:00,1
2025-08-27 04:27:55.228000+01:00,1
2025-08-27 04:27:55.229000+01:00,2
2025-08-27 04:27:55.230000+01:00,1
2025-08-27 04:27:55.231000+01:00,1
2025-08-27 04:27:57.410000+01:00,1
2025-08-27 04:27:57.420000+01:00,1
2025-08-27 04:27:57.423000+01:00,3
2025-08-27 04:27:57.424000+01:00,2
2025-08-27 04:27:57.445000+01:00,1
2025-08-27 04:27:57.446000+01:00,1
2025-08-27 04:32:26.407000+01:00,1
2025-08-27 04:32:27.760000+01:00,1
2025-08-27 04:32:27.762000+01:00,1
2025-08-27 04:32:27.769000+01:00,6
2025-08-27 04:32:27.796000+01:00,4
2025-08-27 04:32:27.797000+01:00,4
2025-08-27 04:32:27.805000+01:00,1
2025-08-27 04:32:27.854000+01:00,12
2025-08-27 04:32:27.855000+01:00,8
2025-08-27 04:32:27.856000+01:00,8
2025-08-27 04:32:27.860000+01:00,1
2025-08-27 04:32:27.861000+01:00,2
2025-08-27 04:32:29.270000+01:00,1
2025-08-27 04:32:29.271000+01:00,1
2025-08-27 04:32:29.282000+01:00,1
2025-08-27 04:32:29.283000+01:00,1
2025-08-27 04:32:29.296000+01:00,1
2025-08-27 04:32:29.303000+01:00,1
2025-08-27 04:32:29.304000+01:00,1
2025-08-27 04:32:29.305000+01:00,1
2025-08-27 04:32:29.312000+01:00,1
2025-08-27 04:32:29.313000+01:00,1
2025-08-27 04:32:29.337000+01:00,1
2025-08-27 04:32:29.363000+01:00,1
2025-08-27 04:32:29.420000+01:00,1
2025-08-27 04:32:29.421000+01:00,1
2025-08-27 04:32:29.422000+01:00,1
2025-08-27 04:32:30.907000+01:00,1
2025-08-27 04:32:31.044000+01:00,1
2025-08-27 04:32:31.475000+01:00,1
2025-08-27 04:32:31.509000+01:00,1
2025-08-27 04:32:31.543000+01:00,1
2025-08-27 04:32:31.595000+01:00,1
2025-08-27 04:32:31.619000+01:00,4
2025-08-27 04:32:32.980000+01:00,4
2025-08-27 04:32:33.008000+01:00,1
2025-08-27 04:32:33.060000+01:00,4
2025-08-27 04:32:33.061000+01:00,4
2025-08-27 04:32:33.062000+01:00,1
2025-08-27 04:32:33.089000+01:00,1
2025-08-27 04:32:33.151000+01:00,1
2025-08-27 04:32:35.718000+01:00,1
2025-08-27 04:32:35.769000+01:00,1
2025-08-27 04:32:35.850000+01:00,1
2025-08-27 04:32:35.875000+01:00,1
2025-08-27 04:32:35.876000+01:00,1
2025-08-27 04:32:35.877000+01:00,1
2025-08-27 04:32:36.882000+01:00,1
2025-08-27 04:32:36.883000+01:00,1
2025-08-27 04:32:36.893000+01:00,1
2025-08-27 04:32:36.894000+01:00,1
2025-08-27 04:32:36.906000+01:00,1
2025-08-27 04:32:36.907000+01:00,2
2025-08-27 04:32:36.908000+01:00,1
2025-08-27 04:32:36.910000+01:00,2
2025-08-27 04:32:36.911000+01:00,1
2025-08-27 04:32:36.915000+01:00,1
2025-08-27 04:32:36.934000+01:00,1
2025-08-27 04:32:36.935000+01:00,1
2025-08-27 04:32:36.936000+01:00,1
2025-08-27 04:32:36.943000+01:00,1
2025-08-27 04:32:36.947000+01:00,1
2025-08-27 04:32:36.985000+01:00,1
2025-08-27 04:32:37.003000+01:00,1
2025-08-27 04:32:37.004000+01:00,2
2025-08-27 04:32:37.005000+01:00,1
2025-08-27 04:32:37.006000+01:00,1
2025-08-27 04:32:39.150000+01:00,1
2025-08-27 04:32:39.151000+01:00,2
2025-08-27 04:32:39.166000+01:00,1
2025-08-27 04:32:39.182000+01:00,4
2025-08-27 04:32:39.183000+01:00,4
2025-08-27 04:32:39.187000+01:00,2
2025-08-27 04:32:39.230000+01:00,1
2025-08-27 04:32:39.273000+01:00,1
2025-08-27 04:32:39.274000+01:00,1
2025-08-27 04:32:39.304000+01:00,1
2025-08-27 04:32:39.310000+01:00,1
2025-08-27 04:32:39.395000+01:00,1
2025-08-27 04:32:41.497000+01:00,1
2025-08-27 04:32:41.498000+01:00,1
2025-08-27 04:32:41.555000+01:00,1
2025-08-27 04:32:43.809000+01:00,2
2025-08-27 04:32:43.839000+01:00,1
2025-08-27 04:32:43.840000+01:00,1
2025-08-27 04:32:43.842000+01:00,1
2025-08-27 04:32:43.846000+01:00,1
2025-08-27 04:32:43.851000+01:00,1
2025-08-27 04:32:43.867000+01:00,1
2025-08-27 04:32:43.876000+01:00,1
2025-08-27 04:32:43.877000+01:00,1
2025-08-27 04:32:43.916000+01:00,1
2025-08-27 04:32:45.383000+01:00,1
2025-08-27 04:32:45.388000+01:00,9
2025-08-27 04:32:45.451000+01:00,1
2025-08-27 04:32:45.559000+01:00,3
2025-08-27 04:32:47.281000+01:00,1
2025-08-27 04:32:47.283000+01:00,4
2025-08-27 04:32:47.296000+01:00,1
2025-08-27 04:32:47.332000+01:00,1
2025-08-27 04:32:47.355000+01:00,4
2025-08-27 04:32:47.389000+01:00,1
2025-08-27 04:32:47.390000+01:00,2
2025-08-27 04:32:47.391000+01:00,8
2025-08-27 04:32:48.243000+01:00,1
2025-08-27 04:32:48.244000+01:00,1
2025-08-27 04:32:48.252000+01:00,1
2025-08-27 04:32:48.267000+01:00,1
2025-08-27 04:32:48.279000+01:00,1
2025-08-27 04:32:48.306000+01:00,1
2025-08-27 04:32:50.720000+01:00,1
2025-08-27 04:32:50.721000+01:00,1
2025-08-27 04:32:50.723000+01:00,1
2025-08-27 04:32:50.728000+01:00,2
2025-08-27 04:32:50.928000+01:00,1
2025-08-27 04:32:50.929000+01:00,4
2025-08-27 04:32:50.931000+01:00,3
2025-08-27 04:32:52.820000+01:00,1
2025-08-27 04:32:53.768000+01:00,1
2025-08-27 04:32:53.769000+01:00,1
2025-08-27 04:32:53.770000+01:00,1
2025-08-27 04:32:53.771000+01:00,1
2025-08-27 04:32:53.790000+01:00,1
2025-08-27 04:32:53.791000+01:00,1
2025-08-27 04:32:53.792000+01:00,1
2025-08-27 04:32:53.814000+01:00,1
2025-08-27 04:32:53.815000+01:00,1
2025-08-27 04:32:53.826000+01:00,1
2025-08-27 04:32:53.858000+01:00,1
2025-08-27 04:32:53.859000+01:00,1
2025-08-27 04:32:53.860000+01:00,1
2025-08-27 04:32:53.870000+01:00,2
2025-08-27 04:32:53.871000+01:00,2
2025-08-27 04:32:53.872000+01:00,1
2025-08-27 04:32:53.875000+01:00,1
2025-08-27 04:32:53.876000+01:00,1
2025-08-27 04:32:53.877000+01:00,2
2025-08-27 04:32:53.948000+01:00,1
2025-08-27 04:32:53.949000+01:00,1
2025-08-27 04:32:56.508000+01:00,1
2025-08-27 04:32:56.673000+01:00,1
2025-08-27 04:32:59.099000+01:00,1
2025-08-27 04:32:59.100000+01:00,1
2025-08-27 04:32:59.101000+01:00,1
2025-08-27 04:32:59.139000+01:00,1
2025-08-27 04:32:59.218000+01:00,1
2025-08-27 04:32:59.228000+01:00,1
2025-08-27 04:32:59.269000+01:00,1
2025-08-27 04:32:59.301000+01:00,1
2025-08-27 04:33:01.117000+01:00,1
2025-08-27 04:33:01.317000+01:00,1
2025-08-27 04:33:02.391000+01:00,1
2025-08-27 04:33:02.403000+01:00,1
2025-08-27 04:33:02.404000+01:00,1
2025-08-27 04:33:02.406000+01:00,1
2025-08-27 04:33:02.410000+01:00,2
2025-08-27 04:33:02.436000+01:00,1
2025-08-27 04:33:02.437000+01:00,1
2025-08-27 04:33:02.481000+01:00,1
2025-08-27 04:33:02.482000+01:00,1
2025-08-27 04:33:02.559000+01:00,4
2025-08-27 04:33:02.560000+01:00,4
2025-08-27 04:33:02.574000+01:00,4
2025-08-27 04:33:02.575000+01:00,4
2025-08-27 04:33:02.576000+01:00,7
2025-08-27 04:33:02.589000+01:00,1
2025-08-27 04:33:02.677000+01:00,3
2025-08-27 04:33:04.714000+01:00,1
2025-08-27 04:33:04.746000+01:00,1
2025-08-27 04:33:04.788000+01:00,1
2025-08-27 04:33:04.810000+01:00,1
2025-08-27 04:33:07.088000+01:00,1
2025-08-27 04:33:07.104000+01:00,1
2025-08-27 04:33:09.558000+01:00,1
2025-08-27 04:33:09.583000+01:00,1
2025-08-27 04:33:09.631000+01:00,1
2025-08-27 04:33:09.646000+01:00,1
2025-08-27 04:33:09.647000+01:00,1
2025-08-27 04:33:09.653000+01:00,1
2025-08-27 04:33:11.436000+01:00,1
2025-08-27 04:33:11.461000+01:00,1
2025-08-27 04:33:11.479000+01:00,1
2025-08-27 04:33:11.501000+01:00,1
2025-08-27 04:33:11.504000+01:00,1
2025-08-27 04:33:11.552000+01:00,1
2025-08-27 04:33:12.642000+01:00,2
2025-08-27 04:33:12.643000+01:00,1
2025-08-27 04:33:12.651000+01:00,1
2025-08-27 04:33:13.797000+01:00,4
2025-08-27 04:33:13.798000+01:00,4
2025-08-27 04:33:13.884000+01:00,1
2025-08-27 04:33:13.909000+01:00,4
2025-08-27 04:33:14.049000+01:00,1
2025-08-27 04:33:15.957000+01:00,1
2025-08-27 04:33:15.958000+01:00,1
2025-08-27 04:33:15.959000+01:00,1
2025-08-27 04:33:16.006000+01:00,1
2025-08-27 04:33:16.007000+01:00,1
2025-08-27 04:33:16.013000+01:00,1
2025-08-27 04:33:16.014000+01:00,1
2025-08-27 04:33:16.015000+01:00,1
2025-08-27 04:33:16.032000+01:00,1
2025-08-27 04:33:16.071000+01:00,2
2025-08-27 04:33:16.072000+01:00,1
2025-08-27 04:33:16.073000+01:00,1
2025-08-27 04:33:16.108000+01:00,1
2025-08-27 04:33:16.109000+01:00,1
2025-08-27 04:33:16.496000+01:00,1
2025-08-27 04:33:16.497000+01:00,1
2025-08-27 04:33:18.330000+01:00,1
2025-08-27 04:33:18.342000+01:00,1
2025-08-27 04:33:18.343000+01:00,1
2025-08-27 04:33:18.354000+01:00,1
2025-08-27 04:33:18.355000+01:00,1
2025-08-27 04:33:18.364000+01:00,1
2025-08-27 04:33:18.411000+01:00,1
2025-08-27 04:33:20.217000+01:00,2
2025-08-27 04:33:20.218000+01:00,1
2025-08-27 04:33:20.219000+01:00,1
2025-08-27 04:33:20.272000+01:00,1
2025-08-27 04:33:20.273000+01:00,1
2025-08-27 04:33:20.274000+01:00,1
2025-08-27 04:33:22.755000+01:00,2
2025-08-27 04:33:22.756000+01:00,16
2025-08-27 04:33:22.776000+01:00,1
2025-08-27 04:33:22.788000+01:00,4
2025-08-27 04:33:22.806000+01:00,2
2025-08-27 04:33:25.070000+01:00,4
2025-08-27 04:33:25.071000+01:00,4
2025-08-27 04:33:27.240000+01:00,1
2025-08-27 04:33:27.249000+01:00,1
2025-08-27 04:33:27.251000+01:00,1
2025-08-27 04:33:27.252000+01:00,1
2025-08-27 04:33:27.253000+01:00,4
2025-08-27 04:33:27.392000+01:00,1
2025-08-27 04:33:27.393000+01:00,1
2025-08-27 04:33:27.394000+01:00,2
2025-08-27 04:33:27.442000+01:00,1
2025-08-27 04:33:27.663000+01:00,1
2025-08-27 04:33:29.124000+01:00,1
2025-08-27 04:33:29.125000+01:00,1
2025-08-27 04:33:29.126000+01:00,1
2025-08-27 04:33:29.127000+01:00,1
2025-08-27 04:33:29.128000+01:00,1
2025-08-27 04:33:29.134000+01:00,1
2025-08-27 04:33:32.448000+01:00,1
2025-08-27 04:33:33.794000+01:00,1
2025-08-27 04:33:33.795000+01:00,1
2025-08-27 04:33:34.894000+01:00,1
2025-08-27 04:33:34.895000+01:00,1
2025-08-27 04:33:34.896000+01:00,1
2025-08-27 04:33:34.897000+01:00,1
2025-08-27 04:33:34.898000+01:00,1
2025-08-27 04:33:34.899000+01:00,1
2025-08-27 04:33:34.900000+01:00,1
2025-08-27 04:33:34.901000+01:00,1
2025-08-27 04:33:34.902000+01:00,2
2025-08-27 04:33:34.903000+01:00,1
2025-08-27 04:37:25.569000+01:00,1
2025-08-27 04:37:28.778000+01:00,1
2025-08-27 04:37:28.795000+01:00,1
2025-08-27 04:37:28.800000+01:00,1
2025-08-27 04:37:28.801000+01:00,1
2025-08-27 04:37:28.829000+01:00,2
2025-08-27 04:37:28.863000+01:00,1
2025-08-27 04:37:28.946000+01:00,1
2025-08-27 04:37:29.755000+01:00,1
2025-08-27 04:37:29.756000+01:00,1
2025-08-27 04:37:29.761000+01:00,1
2025-08-27 04:37:29.762000+01:00,1
2025-08-27 04:37:29.763000+01:00,1
2025-08-27 04:37:29.766000+01:00,1
2025-08-27 04:37:29.772000+01:00,2
2025-08-27 04:37:29.773000+01:00,1
2025-08-27 04:37:29.774000+01:00,1
2025-08-27 04:37:29.801000+01:00,2
2025-08-27 04:37:29.805000+01:00,1
2025-08-27 04:37:29.806000+01:00,2
2025-08-27 04:37:29.857000+01:00,3
2025-08-27 04:37:29.858000+01:00,5
2025-08-27 04:37:29.859000+01:00,1
2025-08-27 04:37:29.929000+01:00,3
2025-08-27 04:37:29.930000+01:00,1
2025-08-27 04:37:29.931000+01:00,1
2025-08-27 04:37:29.934000+01:00,3
2025-08-27 04:37:29.935000+01:00,1
2025-08-27 04:37:29.936000+01:00,1
2025-08-27 04:37:29.988000+01:00,2
2025-08-27 04:37:29.989000+01:00,2
2025-08-27 04:37:29.990000+01:00,1
2025-08-27 04:37:29.991000+01:00,2
2025-08-27 04:37:31.023000+01:00,1
2025-08-27 04:37:31.024000+01:00,1
2025-08-27 04:37:31.038000+01:00,1
2025-08-27 04:37:31.039000+01:00,1
2025-08-27 04:37:31.040000+01:00,1
2025-08-27 04:37:31.051000+01:00,1
2025-08-27 04:37:31.064000+01:00,1
2025-08-27 04:37:31.065000+01:00,1
2025-08-27 04:37:31.069000+01:00,1
2025-08-27 04:37:31.070000+01:00,1
2025-08-27 04:37:31.071000+01:00,4
2025-08-27 04:37:31.074000+01:00,4
2025-08-27 04:37:31.075000+01:00,1
2025-08-27 04:37:31.076000+01:00,1
2025-08-27 04:37:31.102000+01:00,1
2025-08-27 04:37:31.103000+01:00,1
2025-08-27 04:37:31.104000+01:00,2
2025-08-27 04:37:31.108000+01:00,2
2025-08-27 04:37:31.132000+01:00,1
2025-08-27 04:37:31.133000+01:00,1
2025-08-27 04:37:31.137000+01:00,1
2025-08-27 04:37:32.264000+01:00,1
2025-08-27 04:37:32.290000+01:00,8
2025-08-27 04:37:32.316000+01:00,1
2025-08-27 04:37:36.217000+01:00,1
2025-08-27 04:37:36.218000+01:00,1
2025-08-27 04:37:39.161000+01:00,1
2025-08-27 04:37:39.166000+01:00,4
2025-08-27 04:37:39.167000+01:00,2
2025-08-27 04:37:39.168000+01:00,2
2025-08-27 04:37:39.184000+01:00,1
2025-08-27 04:37:39.194000+01:00,1
2025-08-27 04:37:40.074000+01:00,1
2025-08-27 04:37:40.075000+01:00,1
2025-08-27 04:37:40.076000+01:00,1
2025-08-27 04:37:40.077000+01:00,1
2025-08-27 04:37:40.079000+01:00,1
2025-08-27 04:37:40.080000+01:00,1
2025-08-27 04:37:40.081000+01:00,2
2025-08-27 04:37:40.082000+01:00,1
2025-08-27 04:37:40.085000+01:00,2
2025-08-27 04:37:40.086000+01:00,1
2025-08-27 04:37:40.087000+01:00,2
2025-08-27 04:37:40.088000+01:00,2
2025-08-27 04:37:40.089000+01:00,1
2025-08-27 04:37:40.090000+01:00,1
2025-08-27 04:37:40.091000+01:00,1
2025-08-27 04:37:40.099000+01:00,1
2025-08-27 04:37:40.100000+01:00,2
2025-08-27 04:37:40.101000+01:00,3
2025-08-27 04:37:40.102000+01:00,1
2025-08-27 04:37:40.103000+01:00,1
2025-08-27 04:37:40.104000+01:00,4
2025-08-27 04:37:40.105000+01:00,1
2025-08-27 04:37:40.106000+01:00,1
2025-08-27 04:37:40.107000+01:00,1
2025-08-27 04:37:40.108000+01:00,1
2025-08-27 04:37:40.109000+01:00,1
2025-08-27 04:37:40.110000+01:00,3
2025-08-27 04:37:40.111000+01:00,1
2025-08-27 04:37:40.112000+01:00,1
2025-08-27 04:37:40.113000+01:00,1
2025-08-27 04:37:40.114000+01:00,2
2025-08-27 04:37:40.115000+01:00,1
2025-08-27 04:37:40.116000+01:00,2
2025-08-27 04:37:40.117000+01:00,1
2025-08-27 04:37:40.118000+01:00,1
2025-08-27 04:37:40.140000+01:00,2
2025-08-27 04:37:40.141000+01:00,7
2025-08-27 04:37:40.142000+01:00,3
2025-08-27 04:37:40.143000+01:00,1
2025-08-27 04:37:40.144000+01:00,1
2025-08-27 04:37:40.145000+01:00,1
2025-08-27 04:37:40.146000+01:00,1
2025-08-27 04:37:40.147000+01:00,1
2025-08-27 04:37:40.148000+01:00,1
2025-08-27 04:37:40.159000+01:00,2
2025-08-27 04:37:40.160000+01:00,3
2025-08-27 04:37:40.161000+01:00,1
2025-08-27 04:37:40.162000+01:00,2
2025-08-27 04:37:40.163000+01:00,1
2025-08-27 04:37:40.164000+01:00,1
2025-08-27 04:37:40.165000+01:00,3
2025-08-27 04:37:40.166000+01:00,5
2025-08-27 04:37:40.167000+01:00,7
2025-08-27 04:37:40.168000+01:00,1
2025-08-27 04:37:40.169000+01:00,2
2025-08-27 04:37:40.170000+01:00,1
2025-08-27 04:37:40.171000+01:00,2
2025-08-27 04:37:40.172000+01:00,1
2025-08-27 04:42:25.045000+01:00,3
2025-08-27 04:42:25.053000+01:00,1
2025-08-27 04:42:25.054000+01:00,2
2025-08-27 04:42:25.057000+01:00,1
2025-08-27 04:42:25.065000+01:00,1
2025-08-27 04:42:25.072000+01:00,3
2025-08-27 04:42:27.941000+01:00,4
2025-08-27 04:42:27.942000+01:00,4
2025-08-27 04:42:27.961000+01:00,4
2025-08-27 04:42:27.970000+01:00,4
2025-08-27 04:42:28.007000+01:00,4
2025-08-27 04:42:28.008000+01:00,4
2025-08-27 04:42:28.009000+01:00,4
2025-08-27 04:42:28.021000+01:00,8
2025-08-27 04:42:28.022000+01:00,8
2025-08-27 04:42:29.581000+01:00,1
2025-08-27 04:42:29.661000+01:00,4
2025-08-27 04:42:29.714000+01:00,4
2025-08-27 04:42:32.560000+01:00,1
2025-08-27 04:42:32.561000+01:00,1
2025-08-27 04:42:32.575000+01:00,1
2025-08-27 04:42:32.585000+01:00,1
2025-08-27 04:42:32.667000+01:00,1
2025-08-27 04:42:32.701000+01:00,1
2025-08-27 04:42:32.737000+01:00,1
2025-08-27 04:42:34.101000+01:00,1
2025-08-27 04:42:34.114000+01:00,1
2025-08-27 04:42:34.165000+01:00,2
2025-08-27 04:42:34.166000+01:00,1
2025-08-27 04:42:34.200000+01:00,2
2025-08-27 04:42:34.233000+01:00,1
2025-08-27 04:42:34.234000+01:00,1
2025-08-27 04:42:34.241000+01:00,1
2025-08-27 04:42:35.441000+01:00,2
2025-08-27 04:42:37.784000+01:00,1
2025-08-27 04:42:37.785000+01:00,2
2025-08-27 04:42:37.786000+01:00,1
2025-08-27 04:42:37.787000+01:00,1
2025-08-27 04:42:37.788000+01:00,4
2025-08-27 04:42:37.789000+01:00,1
2025-08-27 04:42:37.790000+01:00,2
2025-08-27 04:42:37.850000+01:00,2
2025-08-27 04:42:38.967000+01:00,1
2025-08-27 04:42:39.003000+01:00,2
2025-08-27 04:42:40.305000+01:00,2
2025-08-27 04:42:40.321000+01:00,1
2025-08-27 04:42:40.395000+01:00,2
2025-08-27 04:42:40.396000+01:00,1
2025-08-27 04:42:42.540000+01:00,4
2025-08-27 04:42:45.383000+01:00,1
2025-08-27 04:42:45.384000+01:00,1
2025-08-27 04:42:45.393000+01:00,1
2025-08-27 04:42:45.394000+01:00,2
2025-08-27 04:42:45.444000+01:00,1
2025-08-27 04:42:46.429000+01:00,1
2025-08-27 04:42:46.448000+01:00,1
2025-08-27 04:42:47.746000+01:00,1
2025-08-27 04:42:47.754000+01:00,1
2025-08-27 04:42:47.755000+01:00,1
2025-08-27 04:42:48.702000+01:00,1
2025-08-27 04:42:48.703000+01:00,1
2025-08-27 04:42:48.711000+01:00,1
2025-08-27 04:42:48.712000+01:00,8
2025-08-27 04:42:48.713000+01:00,1
2025-08-27 04:42:48.714000+01:00,1
2025-08-27 04:42:48.720000+01:00,1
2025-08-27 04:42:48.721000+01:00,2
2025-08-27 04:42:48.722000+01:00,1
2025-08-27 04:42:48.723000+01:00,1
2025-08-27 04:42:48.724000+01:00,1
2025-08-27 04:42:48.730000+01:00,1
2025-08-27 04:42:48.731000+01:00,1
2025-08-27 04:42:48.732000+01:00,1
2025-08-27 04:42:48.733000+01:00,1
2025-08-27 04:42:48.734000+01:00,1
2025-08-27 04:42:48.735000+01:00,1
2025-08-27 04:42:48.736000+01:00,1
2025-08-27 04:42:48.747000+01:00,1
2025-08-27 04:42:48.748000+01:00,2
2025-08-27 04:42:48.749000+01:00,1
2025-08-27 04:42:48.767000+01:00,1
2025-08-27 04:42:48.768000+01:00,1
2025-08-27 04:42:48.769000+01:00,1
2025-08-27 04:42:48.811000+01:00,1
2025-08-27 04:42:48.812000+01:00,1
2025-08-27 04:42:48.818000+01:00,1
2025-08-27 04:42:48.819000+01:00,1
2025-08-27 04:42:48.822000+01:00,1
2025-08-27 04:42:48.823000+01:00,1
2025-08-27 04:42:48.824000+01:00,1
2025-08-27 04:42:48.825000+01:00,1
2025-08-27 04:42:48.826000+01:00,2
2025-08-27 04:42:48.827000+01:00,1
2025-08-27 04:42:48.828000+01:00,1
2025-08-27 04:42:48.829000+01:00,1
2025-08-27 04:42:48.830000+01:00,4
2025-08-27 04:42:50.224000+01:00,1
2025-08-27 04:42:50.225000+01:00,1
2025-08-27 04:42:50.226000+01:00,1
2025-08-27 04:42:50.229000+01:00,1
2025-08-27 04:42:50.230000+01:00,1
2025-08-27 04:42:50.244000+01:00,1
2025-08-27 04:42:50.245000+01:00,1
2025-08-27 04:42:50.268000+01:00,1
2025-08-27 04:42:50.269000+01:00,1
2025-08-27 04:42:50.270000+01:00,1
2025-08-27 04:42:50.275000+01:00,2
2025-08-27 04:42:50.276000+01:00,1
2025-08-27 04:42:50.277000+01:00,1
2025-08-27 04:42:50.278000+01:00,1
2025-08-27 04:42:50.303000+01:00,1
2025-08-27 04:42:50.304000+01:00,1
2025-08-27 04:42:50.462000+01:00,1
2025-08-27 04:42:50.467000+01:00,4
2025-08-27 04:42:50.484000+01:00,1
2025-08-27 04:42:50.485000+01:00,1
2025-08-27 04:42:50.486000+01:00,1
2025-08-27 04:42:53.449000+01:00,1
2025-08-27 04:42:53.474000+01:00,1
2025-08-27 04:42:53.478000+01:00,1
2025-08-27 04:42:53.492000+01:00,4
2025-08-27 04:42:53.493000+01:00,1
2025-08-27 04:42:53.529000+01:00,3
2025-08-27 04:42:53.530000+01:00,1
2025-08-27 04:42:55.406000+01:00,1
2025-08-27 04:42:55.528000+01:00,1
2025-08-27 04:42:56.510000+01:00,1
2025-08-27 04:42:56.511000+01:00,2
2025-08-27 04:42:56.517000+01:00,2
2025-08-27 04:42:56.527000+01:00,1
2025-08-27 04:42:56.528000+01:00,1
2025-08-27 04:42:56.529000+01:00,1
2025-08-27 04:42:56.530000+01:00,1
2025-08-27 04:42:56.540000+01:00,1
2025-08-27 04:42:56.541000+01:00,1
2025-08-27 04:42:56.553000+01:00,1
2025-08-27 04:42:56.592000+01:00,2
2025-08-27 04:42:56.641000+01:00,1
2025-08-27 04:42:58.037000+01:00,1
2025-08-27 04:42:58.040000+01:00,1
2025-08-27 04:42:58.056000+01:00,1
2025-08-27 04:42:58.057000+01:00,1
2025-08-27 04:42:58.065000+01:00,1
2025-08-27 04:42:58.070000+01:00,2
2025-08-27 04:42:58.127000+01:00,1
2025-08-27 04:42:58.129000+01:00,1
2025-08-27 04:42:58.130000+01:00,1
2025-08-27 04:43:00.108000+01:00,1
2025-08-27 04:43:01.270000+01:00,1
2025-08-27 04:43:01.271000+01:00,1
2025-08-27 04:43:03.468000+01:00,1
2025-08-27 04:43:03.502000+01:00,1
2025-08-27 04:43:03.535000+01:00,1
2025-08-27 04:43:03.545000+01:00,1
2025-08-27 04:43:03.546000+01:00,1
2025-08-27 04:43:03.549000+01:00,2
2025-08-27 04:43:03.613000+01:00,1
2025-08-27 04:43:04.800000+01:00,1
2025-08-27 04:43:04.815000+01:00,1
2025-08-27 04:43:04.830000+01:00,1
2025-08-27 04:43:04.831000+01:00,1
2025-08-27 04:43:04.833000+01:00,1
2025-08-27 04:43:04.836000+01:00,1
2025-08-27 04:43:04.858000+01:00,3
2025-08-27 04:43:04.865000+01:00,1
2025-08-27 04:43:04.878000+01:00,1
2025-08-27 04:43:06.468000+01:00,1
2025-08-27 04:43:06.484000+01:00,1
2025-08-27 04:43:08.686000+01:00,4
2025-08-27 04:43:08.687000+01:00,4
2025-08-27 04:43:08.694000+01:00,4
2025-08-27 04:43:08.695000+01:00,4
2025-08-27 04:43:10.296000+01:00,1
2025-08-27 04:43:10.304000+01:00,1
2025-08-27 04:43:10.316000+01:00,8
2025-08-27 04:43:10.317000+01:00,8
2025-08-27 04:43:10.318000+01:00,1
2025-08-27 04:43:10.323000+01:00,1
2025-08-27 04:43:10.324000+01:00,4
2025-08-27 04:43:10.365000+01:00,1
2025-08-27 04:43:10.366000+01:00,12
2025-08-27 04:43:10.412000+01:00,1
2025-08-27 04:43:10.413000+01:00,2
2025-08-27 04:43:10.445000+01:00,1
2025-08-27 04:43:10.484000+01:00,16
2025-08-27 04:43:10.485000+01:00,8
2025-08-27 04:43:10.486000+01:00,2
2025-08-27 04:43:10.639000+01:00,1
2025-08-27 04:43:12.827000+01:00,2
2025-08-27 04:43:12.834000+01:00,1
2025-08-27 04:43:12.835000+01:00,2
2025-08-27 04:43:12.836000+01:00,1
2025-08-27 04:43:12.848000+01:00,8
2025-08-27 04:43:12.849000+01:00,8
2025-08-27 04:43:12.866000+01:00,1
2025-08-27 04:43:12.867000+01:00,2
2025-08-27 04:43:12.868000+01:00,1
2025-08-27 04:43:12.896000+01:00,4
2025-08-27 04:43:12.897000+01:00,4
2025-08-27 04:43:12.938000+01:00,1
2025-08-27 04:43:12.939000+01:00,20
2025-08-27 04:43:12.959000+01:00,1
2025-08-27 04:43:12.988000+01:00,2
2025-08-27 04:43:12.989000+01:00,1
2025-08-27 04:47:25.821000+01:00,1
2025-08-27 04:47:25.822000+01:00,1
2025-08-27 04:47:27.698000+01:00,1
2025-08-27 04:47:27.714000+01:00,1
2025-08-27 04:47:27.762000+01:00,1
2025-08-27 04:47:27.763000+01:00,1
2025-08-27 04:47:27.782000+01:00,1
2025-08-27 04:47:27.827000+01:00,2
2025-08-27 04:47:29.119000+01:00,4
2025-08-27 04:47:29.120000+01:00,4
2025-08-27 04:47:29.185000+01:00,2
2025-08-27 04:47:29.186000+01:00,1
2025-08-27 04:47:30.224000+01:00,1
2025-08-27 04:47:30.225000+01:00,1
2025-08-27 04:47:30.230000+01:00,1
2025-08-27 04:47:30.231000+01:00,2
2025-08-27 04:47:30.285000+01:00,1
2025-08-27 04:47:30.286000+01:00,1
2025-08-27 04:47:30.287000+01:00,1
2025-08-27 04:47:30.378000+01:00,1
2025-08-27 04:47:30.379000+01:00,1
2025-08-27 04:47:30.380000+01:00,2
2025-08-27 04:47:30.381000+01:00,1
2025-08-27 04:47:30.417000+01:00,2
2025-08-27 04:47:30.418000+01:00,1
2025-08-27 04:47:30.419000+01:00,1
2025-08-27 04:47:30.420000+01:00,1
2025-08-27 04:47:30.472000+01:00,1
2025-08-27 04:47:30.473000+01:00,4
2025-08-27 04:47:30.474000+01:00,1
2025-08-27 04:47:33.308000+01:00,1
2025-08-27 04:47:33.327000+01:00,1
2025-08-27 04:47:33.329000+01:00,1
2025-08-27 04:47:34.669000+01:00,1
2025-08-27 04:47:34.670000+01:00,1
2025-08-27 04:47:34.676000+01:00,1
2025-08-27 04:47:35.905000+01:00,4
2025-08-27 04:47:35.906000+01:00,4
2025-08-27 04:47:35.921000+01:00,68
2025-08-27 04:47:35.922000+01:00,44
2025-08-27 04:47:35.936000+01:00,12
2025-08-27 04:47:35.950000+01:00,12
2025-08-27 04:47:35.951000+01:00,12
2025-08-27 04:47:35.985000+01:00,4
2025-08-27 04:47:35.986000+01:00,4
2025-08-27 04:47:35.987000+01:00,4
2025-08-27 04:47:35.992000+01:00,28
2025-08-27 04:47:36.069000+01:00,24
2025-08-27 04:47:36.074000+01:00,32
2025-08-27 04:47:37.311000+01:00,1
2025-08-27 04:47:37.322000+01:00,2
2025-08-27 04:47:37.361000+01:00,5
2025-08-27 04:47:37.365000+01:00,16
2025-08-27 04:47:37.388000+01:00,2
2025-08-27 04:47:37.435000+01:00,2
2025-08-27 04:47:37.480000+01:00,1
2025-08-27 04:47:39.294000+01:00,1
2025-08-27 04:47:39.295000+01:00,1
2025-08-27 04:47:39.310000+01:00,1
2025-08-27 04:47:39.313000+01:00,2
2025-08-27 04:47:39.314000+01:00,1
2025-08-27 04:47:39.316000+01:00,1
2025-08-27 04:47:39.320000+01:00,3
2025-08-27 04:47:39.321000+01:00,1
2025-08-27 04:47:39.322000+01:00,1
2025-08-27 04:47:39.323000+01:00,1
2025-08-27 04:47:39.330000+01:00,1
2025-08-27 04:47:39.351000+01:00,1
2025-08-27 04:47:39.352000+01:00,1
2025-08-27 04:47:39.353000+01:00,2
2025-08-27 04:47:39.356000+01:00,5
2025-08-27 04:47:39.357000+01:00,1
2025-08-27 04:47:43.327000+01:00,1
2025-08-27 04:47:46.192000+01:00,1
2025-08-27 04:47:46.200000+01:00,1
2025-08-27 04:47:46.215000+01:00,2
2025-08-27 04:47:46.216000+01:00,2
2025-08-27 04:47:46.217000+01:00,2
2025-08-27 04:47:46.218000+01:00,1
2025-08-27 04:47:46.239000+01:00,1
2025-08-27 04:47:46.268000+01:00,2
2025-08-27 04:47:46.269000+01:00,2
2025-08-27 04:47:46.325000+01:00,1
2025-08-27 04:47:46.427000+01:00,2
2025-08-27 04:47:46.428000+01:00,2
2025-08-27 04:47:46.429000+01:00,1
2025-08-27 04:47:50.386000+01:00,1
2025-08-27 04:47:50.387000+01:00,6
2025-08-27 04:47:50.391000+01:00,8
2025-08-27 04:47:50.413000+01:00,3
2025-08-27 04:47:50.420000+01:00,2
2025-08-27 04:47:51.875000+01:00,1
2025-08-27 04:47:51.885000+01:00,4
2025-08-27 04:47:51.909000+01:00,1
2025-08-27 04:47:51.910000+01:00,1
2025-08-27 04:47:52.044000+01:00,1
2025-08-27 04:47:52.045000+01:00,1
2025-08-27 04:47:52.117000+01:00,1
2025-08-27 04:47:52.118000+01:00,1
2025-08-27 04:47:52.119000+01:00,1
2025-08-27 04:47:52.311000+01:00,4
2025-08-27 04:47:52.355000+01:00,1
2025-08-27 04:47:52.437000+01:00,1
2025-08-27 04:47:52.634000+01:00,1
2025-08-27 04:47:52.635000+01:00,4
2025-08-27 04:47:55.833000+01:00,1
2025-08-27 04:47:55.834000+01:00,1
2025-08-27 04:47:55.835000+01:00,1
2025-08-27 04:47:55.838000+01:00,1
2025-08-27 04:47:55.839000+01:00,1
2025-08-27 04:47:55.840000+01:00,1
2025-08-27 04:47:55.843000+01:00,1
2025-08-27 04:47:55.844000+01:00,1
2025-08-27 04:47:55.845000+01:00,1
2025-08-27 04:47:55.846000+01:00,1
2025-08-27 04:47:55.847000+01:00,1
2025-08-27 04:47:55.873000+01:00,1
2025-08-27 04:47:55.935000+01:00,1
2025-08-27 04:47:55.936000+01:00,1
2025-08-27 04:47:55.944000+01:00,1
2025-08-27 04:47:56.094000+01:00,1
2025-08-27 04:47:56.095000+01:00,1
2025-08-27 04:47:59.920000+01:00,1
2025-08-27 04:47:59.921000+01:00,1
2025-08-27 04:47:59.936000+01:00,1
2025-08-27 04:47:59.947000+01:00,1
2025-08-27 04:47:59.971000+01:00,1
2025-08-27 04:48:01.557000+01:00,1
2025-08-27 04:48:01.558000+01:00,1
2025-08-27 04:48:01.562000+01:00,4
2025-08-27 04:48:01.563000+01:00,4
2025-08-27 04:48:03.791000+01:00,1
2025-08-27 04:48:03.810000+01:00,1
2025-08-27 04:48:05.175000+01:00,1
2025-08-27 04:48:05.185000+01:00,1
2025-08-27 04:48:05.186000+01:00,1
2025-08-27 04:48:05.190000+01:00,1
2025-08-27 04:48:05.192000+01:00,1
2025-08-27 04:48:05.193000+01:00,3
2025-08-27 04:48:05.194000+01:00,2
2025-08-27 04:48:05.198000+01:00,1
2025-08-27 04:48:05.199000+01:00,1
2025-08-27 04:48:05.200000+01:00,1
2025-08-27 04:48:05.201000+01:00,2
2025-08-27 04:48:05.247000+01:00,1
2025-08-27 04:48:05.264000+01:00,1
2025-08-27 04:48:05.265000+01:00,1
2025-08-27 04:48:05.266000+01:00,2
2025-08-27 04:48:07.364000+01:00,1
2025-08-27 04:48:07.553000+01:00,3
2025-08-27 04:48:07.554000+01:00,3
2025-08-27 04:48:07.558000+01:00,3
2025-08-27 04:48:07.559000+01:00,3
2025-08-27 04:48:08.463000+01:00,1
2025-08-27 04:48:08.464000+01:00,2
2025-08-27 04:48:08.504000+01:00,1
2025-08-27 04:48:08.537000+01:00,1
2025-08-27 04:48:08.589000+01:00,1
2025-08-27 04:48:09.720000+01:00,4
2025-08-27 04:48:14.734000+01:00,1
2025-08-27 04:48:14.768000+01:00,3
2025-08-27 04:48:14.771000+01:00,1
2025-08-27 04:48:14.772000+01:00,3
2025-08-27 04:48:14.787000+01:00,2
2025-08-27 04:48:14.820000+01:00,1
2025-08-27 04:48:16.553000+01:00,1
2025-08-27 04:48:16.554000+01:00,1
2025-08-27 04:48:16.558000+01:00,2
2025-08-27 04:48:16.567000+01:00,1
2025-08-27 04:48:16.568000+01:00,1
2025-08-27 04:48:16.569000+01:00,1
2025-08-27 04:48:16.584000+01:00,2
2025-08-27 04:48:16.585000+01:00,1
2025-08-27 04:48:16.608000+01:00,1
2025-08-27 04:48:16.609000+01:00,1
2025-08-27 04:48:16.679000+01:00,1
2025-08-27 04:48:16.680000+01:00,1
2025-08-27 04:48:17.059000+01:00,1
2025-08-27 04:48:17.070000+01:00,1
2025-08-27 04:48:17.071000+01:00,2
2025-08-27 04:48:17.092000+01:00,1
2025-08-27 04:48:17.148000+01:00,2
2025-08-27 04:48:20.261000+01:00,1
2025-08-27 04:48:22.742000+01:00,1
2025-08-27 04:48:22.743000+01:00,1
2025-08-27 04:48:23.163000+01:00,1
2025-08-27 04:48:23.177000+01:00,1
2025-08-27 04:48:23.189000+01:00,1
2025-08-27 04:48:23.190000+01:00,1
2025-08-27 04:48:23.207000+01:00,3
2025-08-27 04:48:23.217000+01:00,1
2025-08-27 04:48:26.673000+01:00,16
2025-08-27 04:48:26.688000+01:00,1
2025-08-27 04:48:26.698000+01:00,1
2025-08-27 04:48:26.699000+01:00,8
2025-08-27 04:48:26.731000+01:00,1
2025-08-27 04:48:28.085000+01:00,1
2025-08-27 04:48:28.086000+01:00,1
2025-08-27 04:48:28.092000+01:00,8
2025-08-27 04:48:28.093000+01:00,1
2025-08-27 04:48:28.113000+01:00,1
2025-08-27 04:48:28.121000+01:00,1
2025-08-27 04:48:28.122000+01:00,1
2025-08-27 04:48:28.123000+01:00,1
2025-08-27 04:48:28.126000+01:00,8
2025-08-27 04:48:28.127000+01:00,2
2025-08-27 04:48:28.128000+01:00,1
2025-08-27 04:48:28.153000+01:00,1
2025-08-27 04:48:28.470000+01:00,4
2025-08-27 04:48:28.585000+01:00,4
2025-08-27 04:48:28.649000+01:00,1
2025-08-27 04:48:30.585000+01:00,1
2025-08-27 04:48:30.586000+01:00,1
2025-08-27 04:48:30.587000+01:00,2
2025-08-27 04:48:30.588000+01:00,1
2025-08-27 04:48:30.589000+01:00,1
2025-08-27 04:48:30.590000+01:00,1
2025-08-27 04:48:30.591000+01:00,1
2025-08-27 04:48:31.564000+01:00,8
2025-08-27 04:48:31.565000+01:00,4
2025-08-27 04:48:31.571000+01:00,1
2025-08-27 04:48:31.582000+01:00,1
2025-08-27 04:48:31.657000+01:00,1
2025-08-27 04:48:34.795000+01:00,1
2025-08-27 04:48:34.835000+01:00,1
2025-08-27 04:48:34.836000+01:00,4
2025-08-27 04:48:34.875000+01:00,1
2025-08-27 04:48:34.876000+01:00,1
2025-08-27 04:48:38.362000+01:00,1
2025-08-27 04:48:38.386000+01:00,4
2025-08-27 04:48:41.355000+01:00,2
2025-08-27 04:48:41.359000+01:00,28
2025-08-27 04:52:27.519000+01:00,1
2025-08-27 04:52:27.520000+01:00,1
2025-08-27 04:52:27.528000+01:00,1
2025-08-27 04:52:27.536000+01:00,1
2025-08-27 04:52:27.575000+01:00,1
2025-08-27 04:52:27.576000+01:00,1
2025-08-27 04:52:27.593000+01:00,1
2025-08-27 04:52:29.377000+01:00,2
2025-08-27 04:52:30.800000+01:00,5
2025-08-27 04:52:32.141000+01:00,1
2025-08-27 04:52:32.142000+01:00,4
2025-08-27 04:52:32.143000+01:00,1
2025-08-27 04:52:32.144000+01:00,2
2025-08-27 04:52:32.145000+01:00,2
2025-08-27 04:52:32.230000+01:00,3
2025-08-27 04:52:32.266000+01:00,2
2025-08-27 04:52:34.585000+01:00,1
2025-08-27 04:52:34.586000+01:00,1
2025-08-27 04:52:34.587000+01:00,2
2025-08-27 04:52:34.589000+01:00,1
2025-08-27 04:52:34.590000+01:00,1
2025-08-27 04:52:34.592000+01:00,2
2025-08-27 04:52:35.534000+01:00,1
2025-08-27 04:52:36.452000+01:00,1
2025-08-27 04:52:36.497000+01:00,1
2025-08-27 04:52:37.502000+01:00,1
2025-08-27 04:52:37.503000+01:00,1
2025-08-27 04:52:37.504000+01:00,1
2025-08-27 04:52:37.505000+01:00,1
2025-08-27 04:52:37.596000+01:00,1
2025-08-27 04:52:40.595000+01:00,1
2025-08-27 04:52:42.734000+01:00,1
2025-08-27 04:52:42.746000+01:00,2
2025-08-27 04:52:42.747000+01:00,1
2025-08-27 04:52:42.767000+01:00,1
2025-08-27 04:52:42.769000+01:00,1
2025-08-27 04:52:42.835000+01:00,1
2025-08-27 04:52:42.839000+01:00,1
2025-08-27 04:52:42.840000+01:00,1
2025-08-27 04:52:42.851000+01:00,2
2025-08-27 04:52:42.852000+01:00,1
2025-08-27 04:52:42.864000+01:00,4
2025-08-27 04:52:42.865000+01:00,1
2025-08-27 04:52:45.775000+01:00,4
2025-08-27 04:52:45.776000+01:00,4
2025-08-27 04:52:45.787000+01:00,3
2025-08-27 04:52:45.804000+01:00,1
2025-08-27 04:52:45.806000+01:00,1
2025-08-27 04:52:45.807000+01:00,2
2025-08-27 04:52:45.816000+01:00,3
2025-08-27 04:52:45.817000+01:00,1
2025-08-27 04:52:47.897000+01:00,1
2025-08-27 04:52:47.966000+01:00,1
2025-08-27 04:52:47.967000+01:00,1
2025-08-27 04:52:50.745000+01:00,4
2025-08-27 04:52:50.746000+01:00,4
2025-08-27 04:52:50.787000+01:00,15
2025-08-27 04:52:50.795000+01:00,3
2025-08-27 04:52:50.818000+01:00,1
2025-08-27 04:52:50.819000+01:00,4
2025-08-27 04:52:50.847000+01:00,5
2025-08-27 04:52:53.446000+01:00,1
2025-08-27 04:52:55.978000+01:00,1
2025-08-27 04:52:55.989000+01:00,1
2025-08-27 04:52:55.990000+01:00,1
2025-08-27 04:52:55.998000+01:00,1
2025-08-27 04:52:56.001000+01:00,1
2025-08-27 04:52:56.013000+01:00,1
2025-08-27 04:52:56.014000+01:00,1
2025-08-27 04:52:56.018000+01:00,1
2025-08-27 04:52:56.019000+01:00,1
2025-08-27 04:52:56.022000+01:00,2
2025-08-27 04:52:56.026000+01:00,1
2025-08-27 04:52:56.027000+01:00,2
2025-08-27 04:52:56.030000+01:00,1
2025-08-27 04:52:58.183000+01:00,36
2025-08-27 04:52:58.184000+01:00,3
2025-08-27 04:52:58.209000+01:00,18
2025-08-27 04:52:58.210000+01:00,30
2025-08-27 04:52:58.214000+01:00,24
2025-08-27 04:52:58.215000+01:00,24
2025-08-27 04:52:58.265000+01:00,27
2025-08-27 04:52:58.266000+01:00,6
2025-08-27 04:52:58.272000+01:00,66
2025-08-27 04:52:58.273000+01:00,15
2025-08-27 04:52:58.284000+01:00,21
2025-08-27 04:52:58.296000+01:00,3
2025-08-27 04:52:58.297000+01:00,21
2025-08-27 04:52:58.299000+01:00,3
2025-08-27 04:52:58.331000+01:00,24
2025-08-27 04:53:00.478000+01:00,1
2025-08-27 04:53:00.540000+01:00,4
2025-08-27 04:53:00.541000+01:00,4
2025-08-27 04:53:03.306000+01:00,1
2025-08-27 04:53:05.304000+01:00,2
2025-08-27 04:53:05.305000+01:00,1
2025-08-27 04:53:05.329000+01:00,4
2025-08-27 04:53:05.332000+01:00,1
2025-08-27 04:53:05.404000+01:00,1
2025-08-27 04:53:08.542000+01:00,1
2025-08-27 04:53:08.555000+01:00,1
2025-08-27 04:53:08.580000+01:00,1
2025-08-27 04:53:08.683000+01:00,1
2025-08-27 04:53:09.702000+01:00,1
2025-08-27 04:53:12.617000+01:00,1
2025-08-27 04:53:14.265000+01:00,1
2025-08-27 04:53:14.272000+01:00,1
2025-08-27 04:53:14.321000+01:00,1
2025-08-27 04:53:14.322000+01:00,1
2025-08-27 04:53:14.329000+01:00,1
2025-08-27 04:53:14.402000+01:00,1
2025-08-27 04:53:16.674000+01:00,1
2025-08-27 04:53:16.687000+01:00,4
2025-08-27 04:53:16.695000+01:00,1
2025-08-27 04:53:16.705000+01:00,1
2025-08-27 04:53:16.706000+01:00,1
2025-08-27 04:53:17.947000+01:00,1
2025-08-27 04:53:17.949000+01:00,1
2025-08-27 04:53:19.114000+01:00,1
2025-08-27 04:53:19.115000+01:00,2
2025-08-27 04:53:19.116000+01:00,1
2025-08-27 04:53:19.132000+01:00,1
2025-08-27 04:53:19.139000+01:00,1
2025-08-27 04:53:19.165000+01:00,1
2025-08-27 04:53:19.263000+01:00,1
2025-08-27 04:53:19.264000+01:00,1
2025-08-27 04:53:19.267000+01:00,1
2025-08-27 04:53:19.343000+01:00,1
2025-08-27 04:53:22.092000+01:00,1
2025-08-27 04:53:22.095000+01:00,1
2025-08-27 04:53:22.125000+01:00,1
2025-08-27 04:53:22.130000+01:00,1
2025-08-27 04:53:22.166000+01:00,1
2025-08-27 04:53:22.167000+01:00,1
2025-08-27 04:53:23.468000+01:00,2
2025-08-27 04:53:23.473000+01:00,1
2025-08-27 04:53:23.493000+01:00,1
2025-08-27 04:53:23.496000+01:00,1
2025-08-27 04:53:23.510000+01:00,1
2025-08-27 04:53:23.519000+01:00,1
2025-08-27 04:53:23.520000+01:00,1
2025-08-27 04:53:23.524000+01:00,1
2025-08-27 04:53:23.558000+01:00,1
2025-08-27 04:53:23.559000+01:00,1
2025-08-27 04:53:24.882000+01:00,1
2025-08-27 04:53:24.903000+01:00,4
2025-08-27 04:53:24.930000+01:00,12
2025-08-27 04:53:24.931000+01:00,4
2025-08-27 04:53:24.971000+01:00,1
2025-08-27 04:53:24.975000+01:00,1
2025-08-27 04:53:24.976000+01:00,20
2025-08-27 04:53:25.230000+01:00,4
2025-08-27 04:53:25.231000+01:00,4
2025-08-27 04:53:25.235000+01:00,1
2025-08-27 04:53:25.294000+01:00,8
2025-08-27 04:53:25.295000+01:00,4
2025-08-27 04:53:25.348000+01:00,24
2025-08-27 04:53:25.349000+01:00,24
2025-08-27 04:53:27.016000+01:00,1
2025-08-27 04:53:29.416000+01:00,1
2025-08-27 04:53:29.424000+01:00,1
2025-08-27 04:53:32.073000+01:00,1
2025-08-27 04:53:32.124000+01:00,1
2025-08-27 04:53:34.537000+01:00,1
2025-08-27 04:53:34.586000+01:00,2
2025-08-27 04:53:34.601000+01:00,1
2025-08-27 04:53:34.610000+01:00,4
2025-08-27 04:53:34.611000+01:00,4
2025-08-27 04:53:34.666000+01:00,1
2025-08-27 04:53:34.672000+01:00,3
2025-08-27 04:53:34.673000+01:00,3
2025-08-27 04:53:36.369000+01:00,1
2025-08-27 04:53:36.408000+01:00,1
2025-08-27 04:53:37.739000+01:00,1
2025-08-27 04:53:39.135000+01:00,1
2025-08-27 04:53:39.136000+01:00,1
2025-08-27 04:53:39.145000+01:00,2
2025-08-27 04:53:39.146000+01:00,1
2025-08-27 04:53:39.147000+01:00,1
2025-08-27 04:53:39.150000+01:00,1
2025-08-27 04:53:39.152000+01:00,1
2025-08-27 04:53:39.154000+01:00,1
2025-08-27 04:53:40.144000+01:00,4
2025-08-27 04:53:40.152000+01:00,32
2025-08-27 04:53:40.154000+01:00,20
2025-08-27 04:53:40.155000+01:00,20
2025-08-27 04:53:40.157000+01:00,3
2025-08-27 04:53:40.162000+01:00,12
2025-08-27 04:53:40.163000+01:00,8
2025-08-27 04:53:40.164000+01:00,8
2025-08-27 04:53:40.167000+01:00,28
2025-08-27 04:53:40.187000+01:00,3
2025-08-27 04:53:40.188000+01:00,16
2025-08-27 04:53:40.190000+01:00,12
2025-08-27 04:53:40.212000+01:00,2
2025-08-27 04:53:44.733000+01:00,1
2025-08-27 04:53:44.734000+01:00,1
2025-08-27 04:53:44.747000+01:00,1
2025-08-27 04:53:44.775000+01:00,1
2025-08-27 04:53:44.779000+01:00,1
2025-08-27 04:53:48.451000+01:00,1
2025-08-27 04:53:48.452000+01:00,1
2025-08-27 04:53:48.455000+01:00,1
2025-08-27 04:53:48.461000+01:00,1
2025-08-27 04:53:48.462000+01:00,2
2025-08-27 04:53:48.588000+01:00,1
2025-08-27 04:53:48.651000+01:00,1
2025-08-27 04:53:48.652000+01:00,1
2025-08-27 04:53:50.027000+01:00,1
2025-08-27 04:53:50.046000+01:00,1
2025-08-27 04:53:50.051000+01:00,2
2025-08-27 04:53:50.058000+01:00,1
2025-08-27 04:53:50.059000+01:00,1
2025-08-27 04:53:50.068000+01:00,1
2025-08-27 04:53:50.070000+01:00,1
2025-08-27 04:53:50.559000+01:00,1
2025-08-27 04:53:52.958000+01:00,1
2025-08-27 04:53:52.973000+01:00,1
2025-08-27 04:53:54.387000+01:00,1
2025-08-27 04:53:54.393000+01:00,1
2025-08-27 04:53:54.399000+01:00,1
2025-08-27 04:53:54.405000+01:00,1
2025-08-27 04:53:54.439000+01:00,1
2025-08-27 04:53:54.450000+01:00,3
2025-08-27 04:53:54.451000+01:00,3
2025-08-27 04:53:57.368000+01:00,1
2025-08-27 04:53:57.572000+01:00,1
2025-08-27 04:53:59.499000+01:00,1
2025-08-27 04:53:59.517000+01:00,1
2025-08-27 04:54:01.001000+01:00,1
2025-08-27 04:54:01.002000+01:00,2
2025-08-27 04:54:01.022000+01:00,2
2025-08-27 04:54:01.023000+01:00,2
2025-08-27 04:54:01.060000+01:00,2
2025-08-27 04:54:01.061000+01:00,2
2025-08-27 04:54:01.107000+01:00,1
2025-08-27 04:54:01.168000+01:00,1
2025-08-27 04:54:01.169000+01:00,1
2025-08-27 04:54:01.348000+01:00,1
2025-08-27 04:54:01.359000+01:00,1
2025-08-27 04:54:01.478000+01:00,1
2025-08-27 04:54:04.219000+01:00,1
2025-08-27 04:54:04.243000+01:00,1
2025-08-27 04:54:04.280000+01:00,1
2025-08-27 04:54:04.281000+01:00,2
2025-08-27 04:54:04.293000+01:00,1
2025-08-27 04:54:04.342000+01:00,1
2025-08-27 04:54:05.322000+01:00,2
2025-08-27 04:54:05.323000+01:00,1
2025-08-27 04:54:05.324000+01:00,2
2025-08-27 04:54:05.325000+01:00,1
2025-08-27 04:54:05.326000+01:00,1
2025-08-27 04:54:05.327000+01:00,1
2025-08-27 04:54:05.328000+01:00,1
2025-08-27 04:54:05.329000+01:00,1
2025-08-27 04:54:05.330000+01:00,1
2025-08-27 04:54:05.331000+01:00,1
2025-08-27 04:54:06.228000+01:00,1
2025-08-27 04:54:06.245000+01:00,1
2025-08-27 04:54:06.263000+01:00,1
2025-08-27 04:54:06.273000+01:00,1
2025-08-27 04:54:08.341000+01:00,1
2025-08-27 04:54:08.375000+01:00,2
2025-08-27 04:54:09.558000+01:00,1
2025-08-27 04:57:25.682000+01:00,1
2025-08-27 04:57:25.689000+01:00,1
2025-08-27 04:57:25.708000+01:00,1
2025-08-27 04:57:25.734000+01:00,1
2025-08-27 04:57:25.735000+01:00,1
2025-08-27 04:57:26.576000+01:00,1
2025-08-27 04:57:26.577000+01:00,1
2025-08-27 04:57:26.581000+01:00,1
2025-08-27 04:57:26.621000+01:00,1
2025-08-27 04:57:26.622000+01:00,4
2025-08-27 04:57:26.623000+01:00,4
2025-08-27 04:57:26.624000+01:00,1
2025-08-27 04:57:26.631000+01:00,4
2025-08-27 04:57:26.645000+01:00,1
2025-08-27 04:57:26.669000+01:00,4
2025-08-27 04:57:26.670000+01:00,1
2025-08-27 04:57:26.671000+01:00,1
2025-08-27 04:57:26.678000+01:00,1
2025-08-27 04:57:26.679000+01:00,1
2025-08-27 04:57:30.206000+01:00,1
2025-08-27 04:57:30.207000+01:00,1
2025-08-27 04:57:30.231000+01:00,4
2025-08-27 04:57:30.248000+01:00,1
2025-08-27 04:57:30.249000+01:00,1
2025-08-27 04:57:30.257000+01:00,1
2025-08-27 04:57:30.264000+01:00,1
2025-08-27 04:57:30.265000+01:00,2
2025-08-27 04:57:30.281000+01:00,1
2025-08-27 04:57:30.306000+01:00,4
2025-08-27 04:57:30.307000+01:00,4
2025-08-27 04:57:30.308000+01:00,2
2025-08-27 04:57:30.379000+01:00,1
2025-08-27 04:57:30.380000+01:00,1
2025-08-27 04:57:32.511000+01:00,1
2025-08-27 04:57:32.528000+01:00,1
2025-08-27 04:57:32.529000+01:00,2
2025-08-27 04:57:32.544000+01:00,1
2025-08-27 04:57:32.545000+01:00,1
2025-08-27 04:57:32.581000+01:00,1
2025-08-27 04:57:32.612000+01:00,1
2025-08-27 04:57:32.613000+01:00,1
2025-08-27 04:57:32.618000+01:00,1
2025-08-27 04:57:35.059000+01:00,1
2025-08-27 04:57:35.072000+01:00,2
2025-08-27 04:57:35.093000+01:00,1
2025-08-27 04:57:38.437000+01:00,1
2025-08-27 04:57:38.466000+01:00,1
2025-08-27 04:57:38.467000+01:00,2
2025-08-27 04:57:38.627000+01:00,1
2025-08-27 04:57:39.682000+01:00,1
2025-08-27 04:57:39.683000+01:00,1
2025-08-27 04:57:39.684000+01:00,1
2025-08-27 04:57:39.685000+01:00,1
2025-08-27 04:57:39.686000+01:00,2
2025-08-27 04:57:39.688000+01:00,1
2025-08-27 04:57:39.689000+01:00,1
2025-08-27 04:57:41.048000+01:00,1
2025-08-27 04:57:41.059000+01:00,1
2025-08-27 04:57:43.859000+01:00,5
2025-08-27 04:57:43.861000+01:00,1
2025-08-27 04:57:43.874000+01:00,12
2025-08-27 04:57:43.875000+01:00,1
2025-08-27 04:57:43.878000+01:00,1
2025-08-27 04:57:43.879000+01:00,2
2025-08-27 04:57:43.880000+01:00,1
2025-08-27 04:57:43.882000+01:00,2
2025-08-27 04:57:43.883000+01:00,1
2025-08-27 04:57:43.914000+01:00,1
2025-08-27 04:57:43.915000+01:00,17
2025-08-27 04:57:43.916000+01:00,1
2025-08-27 04:57:43.917000+01:00,1
2025-08-27 04:57:43.918000+01:00,1
2025-08-27 04:57:43.926000+01:00,1
2025-08-27 04:57:43.927000+01:00,1
2025-08-27 04:57:43.953000+01:00,12
2025-08-27 04:57:43.954000+01:00,1
2025-08-27 04:57:46.111000+01:00,3
2025-08-27 04:57:46.194000+01:00,3
2025-08-27 04:57:46.195000+01:00,1
2025-08-27 04:57:46.196000+01:00,1
2025-08-27 04:57:46.197000+01:00,1
2025-08-27 04:57:49.205000+01:00,1
2025-08-27 04:57:49.248000+01:00,1
2025-08-27 04:57:49.257000+01:00,1
2025-08-27 04:57:49.259000+01:00,1
2025-08-27 04:57:50.214000+01:00,1
2025-08-27 04:57:50.244000+01:00,1
2025-08-27 04:57:55.273000+01:00,1
2025-08-27 04:57:55.283000+01:00,1
2025-08-27 04:57:55.284000+01:00,1
2025-08-27 04:57:55.296000+01:00,1
2025-08-27 04:57:55.297000+01:00,1
2025-08-27 04:57:55.319000+01:00,1
2025-08-27 04:57:56.715000+01:00,1
2025-08-27 04:57:56.716000+01:00,1
2025-08-27 04:57:56.749000+01:00,1
2025-08-27 04:57:56.750000+01:00,1
2025-08-27 04:57:56.751000+01:00,1
2025-08-27 04:57:56.752000+01:00,1
2025-08-27 04:57:56.758000+01:00,1
2025-08-27 04:57:56.759000+01:00,1
2025-08-27 04:57:56.760000+01:00,1
2025-08-27 04:57:56.764000+01:00,1
2025-08-27 04:57:56.795000+01:00,1
2025-08-27 04:57:56.796000+01:00,1
2025-08-27 04:57:56.798000+01:00,2
2025-08-27 04:57:56.799000+01:00,1
2025-08-27 04:57:56.800000+01:00,1
2025-08-27 04:57:57.218000+01:00,1
2025-08-27 04:57:57.365000+01:00,1
2025-08-27 04:57:59.101000+01:00,1
2025-08-27 04:57:59.141000+01:00,4
2025-08-27 04:57:59.225000+01:00,2
2025-08-27 04:57:59.226000+01:00,2
2025-08-27 04:58:00.243000+01:00,1
2025-08-27 04:58:00.376000+01:00,1
2025-08-27 04:58:03.691000+01:00,1
2025-08-27 04:58:04.815000+01:00,1
2025-08-27 04:58:04.816000+01:00,1
2025-08-27 04:58:04.817000+01:00,1
2025-08-27 04:58:04.818000+01:00,1
2025-08-27 04:58:04.819000+01:00,1
2025-08-27 04:58:04.820000+01:00,1
2025-08-27 04:58:04.821000+01:00,1
2025-08-27 04:58:04.822000+01:00,1
2025-08-27 04:58:04.833000+01:00,1
2025-08-27 04:58:04.834000+01:00,1
2025-08-27 04:58:05.035000+01:00,1
2025-08-27 04:58:06.583000+01:00,1
2025-08-27 04:58:06.598000+01:00,1
2025-08-27 04:58:06.604000+01:00,1
2025-08-27 04:58:06.606000+01:00,1
2025-08-27 04:58:06.607000+01:00,1
2025-08-27 04:58:06.633000+01:00,1
2025-08-27 04:58:06.634000+01:00,1
2025-08-27 04:58:06.642000+01:00,1
2025-08-27 04:58:06.643000+01:00,1
2025-08-27 04:58:06.677000+01:00,1
2025-08-27 04:58:06.678000+01:00,1
2025-08-27 04:58:11.108000+01:00,1
2025-08-27 04:58:11.121000+01:00,2
2025-08-27 04:58:11.122000+01:00,1
2025-08-27 04:58:11.220000+01:00,1
2025-08-27 04:58:12.351000+01:00,1
2025-08-27 04:58:12.416000+01:00,1
2025-08-27 04:58:16.051000+01:00,1
2025-08-27 04:58:16.052000+01:00,1
2025-08-27 04:58:16.084000+01:00,1
2025-08-27 04:58:16.125000+01:00,1
2025-08-27 04:58:16.133000+01:00,1
2025-08-27 04:58:16.173000+01:00,1
2025-08-27 04:58:16.229000+01:00,1
2025-08-27 04:58:18.852000+01:00,1
2025-08-27 04:58:19.003000+01:00,1
2025-08-27 04:58:19.015000+01:00,1
2025-08-27 04:58:19.016000+01:00,1
2025-08-27 04:58:21.397000+01:00,92
2025-08-27 04:58:21.398000+01:00,56
2025-08-27 04:58:21.400000+01:00,24
2025-08-27 04:58:21.401000+01:00,24
2025-08-27 04:58:21.402000+01:00,140
2025-08-27 04:58:21.403000+01:00,72
2025-08-27 04:58:21.554000+01:00,164
2025-08-27 04:58:21.617000+01:00,100
2025-08-27 04:58:21.618000+01:00,4
2025-08-27 04:58:21.672000+01:00,56
2025-08-27 04:58:21.702000+01:00,68
2025-08-27 04:58:21.703000+01:00,1
2025-08-27 04:58:21.718000+01:00,232
2025-08-27 04:58:21.794000+01:00,1
2025-08-27 04:58:23.383000+01:00,1
2025-08-27 04:58:23.389000+01:00,1
2025-08-27 04:58:23.390000+01:00,4
2025-08-27 04:58:23.402000+01:00,2
2025-08-27 04:58:23.403000+01:00,1
2025-08-27 04:58:23.421000+01:00,1
2025-08-27 04:58:23.422000+01:00,1
2025-08-27 04:58:25.858000+01:00,1
2025-08-27 04:58:25.923000+01:00,4
2025-08-27 04:58:25.941000+01:00,4
2025-08-27 04:58:25.961000+01:00,4
2025-08-27 04:58:29.666000+01:00,1
2025-08-27 04:58:33.876000+01:00,2
2025-08-27 04:58:34.722000+01:00,1
2025-08-27 04:58:34.723000+01:00,1
2025-08-27 04:58:34.728000+01:00,4
2025-08-27 04:58:34.729000+01:00,2
2025-08-27 04:58:34.730000+01:00,1
2025-08-27 04:58:34.731000+01:00,3
2025-08-27 04:58:34.737000+01:00,1
2025-08-27 04:58:34.738000+01:00,3
2025-08-27 04:58:34.740000+01:00,3
2025-08-27 04:58:34.741000+01:00,3
2025-08-27 04:58:34.742000+01:00,3
2025-08-27 04:58:34.743000+01:00,3
2025-08-27 04:58:34.744000+01:00,3
2025-08-27 04:58:34.747000+01:00,1
2025-08-27 04:58:34.748000+01:00,1
2025-08-27 04:58:34.754000+01:00,1
2025-08-27 04:58:34.755000+01:00,3
2025-08-27 04:58:34.756000+01:00,2
2025-08-27 04:58:34.769000+01:00,3
2025-08-27 04:58:34.770000+01:00,3
2025-08-27 04:58:34.803000+01:00,2
2025-08-27 04:58:34.826000+01:00,1
2025-08-27 04:58:36.367000+01:00,3
2025-08-27 04:58:36.380000+01:00,3
2025-08-27 04:58:36.381000+01:00,3
2025-08-27 04:58:36.382000+01:00,3
2025-08-27 04:58:36.383000+01:00,1
2025-08-27 04:58:36.388000+01:00,3
2025-08-27 04:58:36.389000+01:00,3
2025-08-27 04:58:36.417000+01:00,3
2025-08-27 04:58:36.418000+01:00,1
2025-08-27 04:58:36.419000+01:00,1
2025-08-27 04:58:36.444000+01:00,1
2025-08-27 04:58:36.445000+01:00,1
2025-08-27 04:58:36.446000+01:00,1
2025-08-27 04:58:37.278000+01:00,1
2025-08-27 04:58:37.279000+01:00,1
